id,degree,eccentricity,closnesscentrality,harmonicclosnesscentrality,betweenesscentrality,weighteddegree,authority,hub,clustering,triangles,eigencentrality
0,825,2,0.992832,0.99639,6.40E-05,18145,0.035499,0.035499,0.972771,330645,0.997916
1,825,2,0.992832,0.99639,5.80E-05,26623,0.035488,0.035488,0.972154,330435,0.997607
2,798,2,0.961806,0.980144,1.80E-05,8668,0.034595,0.034595,0.98773,314101,0.972423
3,813,2,0.978799,0.98917,2.60E-05,11655,0.035167,0.035167,0.983152,324517,0.988531
4,818,2,0.984597,0.992178,6.40E-05,17015,0.035227,0.035227,0.974446,325614,0.990255
5,827,2,0.99521,0.997593,7.60E-05,30417,0.035529,0.035529,0.96965,331185,0.998763
6,783,2,0.945392,0.971119,1.30E-05,3965,0.034007,0.034007,0.991132,303438,0.955876
7,826,2,0.994019,0.996992,6.90E-05,22782,0.035513,0.035513,0.971138,330891,0.998303
8,784,2,0.946469,0.971721,1.90E-05,3784,0.034023,0.034023,0.989421,303689,0.956342
9,815,2,0.98111,0.990373,6.10E-05,9122,0.035129,0.035129,0.976208,323813,0.9875
10,825,2,0.992832,0.99639,5.40E-05,24217,0.035503,0.035503,0.972951,330706,0.998014
11,829,2,0.997599,0.998797,8.50E-05,28835,0.035566,0.035566,0.966967,331869,0.999816
12,824,2,0.991647,0.995788,0.000133,11541,0.03543,0.03543,0.971352,329362,0.995972
13,824,2,0.991647,0.995788,4.50E-05,28630,0.035493,0.035493,0.974823,330539,0.997742
14,819,2,0.985765,0.99278,4.00E-05,15904,0.035331,0.035331,0.977783,327529,0.993156
15,824,2,0.991647,0.995788,4.60E-05,22224,0.035491,0.035491,0.974681,330491,0.997676
16,817,2,0.983432,0.991576,2.70E-05,12001,0.03532,0.03532,0.982,327336,0.992825
17,823,2,0.990465,0.995187,4.70E-05,17117,0.035447,0.035447,0.974661,329682,0.996445
18,821,2,0.988109,0.993983,3.40E-05,19527,0.035433,0.035433,0.978652,329424,0.996026
19,814,2,0.979953,0.989771,2.80E-05,15872,0.035194,0.035194,0.982272,325025,0.989301
20,828,2,0.996403,0.998195,9.80E-05,33985,0.035544,0.035544,0.968114,331461,0.999187
21,814,2,0.979953,0.989771,2.40E-05,11413,0.035215,0.035215,0.98339,325395,0.989862
22,798,2,0.961806,0.980144,2.60E-05,6249,0.03453,0.03453,0.983852,312868,0.970625
23,366,2,0.641204,0.720217,0,475,0.015985,0.015985,0.998518,66696,0.44935
24,828,2,0.996403,0.998195,8.10E-05,37879,0.035546,0.035546,0.968266,331513,0.999266
25,827,2,0.99521,0.997593,7.20E-05,37735,0.035537,0.035537,0.970081,331332,0.998978
26,815,2,0.98111,0.990373,3.80E-05,8399,0.035198,0.035198,0.980033,325082,0.989412
27,797,2,0.960694,0.979543,1.20E-05,3633,0.034609,0.034609,0.990823,314295,0.972811
28,825,2,0.992832,0.99639,7.70E-05,17357,0.035446,0.035446,0.969856,329654,0.996431
29,820,2,0.986936,0.993381,3.90E-05,16494,0.035374,0.035374,0.977778,328328,0.994364
30,822,2,0.989286,0.994585,4.00E-05,23021,0.035444,0.035444,0.976852,329620,0.996339
31,817,2,0.983432,0.991576,4.50E-05,12800,0.035214,0.035214,0.976126,325378,0.989883
32,766,2,0.927455,0.96089,1.10E-05,2906,0.033274,0.033274,0.99117,290408,0.935285
33,830,2,0.998798,0.999398,0.000121,28107,0.035569,0.035569,0.96482,331932,0.999924
34,829,2,0.997599,0.998797,8.50E-05,37716,0.035566,0.035566,0.966967,331869,0.999816
35,828,2,0.996403,0.998195,6.60E-05,42165,0.03556,0.03556,0.96897,331754,0.999631
36,820,2,0.986936,0.993381,3.70E-05,13825,0.03538,0.03538,0.978114,328441,0.994539
37,814,2,0.979953,0.989771,3.20E-05,10094,0.035167,0.035167,0.980752,324522,0.988545
38,813,2,0.978799,0.98917,4.30E-05,10537,0.035088,0.035088,0.978735,323059,0.98633
39,811,2,0.976498,0.987966,3.60E-05,9039,0.035027,0.035027,0.980159,321938,0.984598
40,825,2,0.992832,0.99639,5.00E-05,21103,0.03551,0.03551,0.973366,330847,0.998226
41,827,2,0.99521,0.997593,7.40E-05,37346,0.03553,0.03553,0.969718,331208,0.998794
42,822,2,0.989286,0.994585,4.40E-05,14900,0.035438,0.035438,0.976529,329511,0.996173
43,805,2,0.969662,0.984356,1.90E-05,5446,0.03488,0.03488,0.986481,319235,0.980433
44,818,2,0.984597,0.992178,3.40E-05,13606,0.035323,0.035323,0.979791,327400,0.992935
45,826,2,0.994019,0.996992,5.40E-05,22869,0.03553,0.03553,0.972095,331217,0.998793
46,824,2,0.991647,0.995788,5.00E-05,23909,0.035486,0.035486,0.974395,330394,0.997526
47,828,2,0.996403,0.998195,6.60E-05,31656,0.03556,0.03556,0.96897,331754,0.999631
48,828,2,0.996403,0.998195,8.10E-05,36398,0.035546,0.035546,0.96824,331504,0.999254
49,824,2,0.991647,0.995788,4.80E-05,28082,0.035487,0.035487,0.974442,330410,0.997555
50,828,2,0.996403,0.998195,6.60E-05,36925,0.03556,0.03556,0.96897,331754,0.999631
51,818,2,0.984597,0.992178,3.40E-05,8866,0.035321,0.035321,0.979641,327350,0.992868
52,819,2,0.985765,0.99278,4.70E-05,12721,0.035274,0.035274,0.974672,326487,0.991572
53,823,2,0.990465,0.995187,4.40E-05,18612,0.035467,0.035467,0.975749,330050,0.997001
54,821,2,0.988109,0.993983,3.60E-05,19970,0.035425,0.035425,0.978188,329268,0.995792
55,793,2,0.956272,0.977136,2.20E-05,4216,0.034379,0.034379,0.987571,310125,0.966373
56,825,2,0.992832,0.99639,5.70E-05,27700,0.035491,0.035491,0.972342,330499,0.997698
57,797,2,0.960694,0.979543,1.90E-05,7570,0.034551,0.034551,0.987683,313299,0.971195
58,823,2,0.990465,0.995187,4.10E-05,23128,0.035476,0.035476,0.976243,330217,0.997248
59,824,2,0.991647,0.995788,5.40E-05,25382,0.035468,0.035468,0.97344,330070,0.997044
60,819,2,0.985765,0.99278,3.10E-05,16308,0.03537,0.03537,0.979948,328254,0.994238
61,825,2,0.992832,0.99639,5.60E-05,14716,0.035492,0.035492,0.972368,330508,0.997714
62,824,2,0.991647,0.995788,4.50E-05,30667,0.035494,0.035494,0.974837,330544,0.997751
63,817,2,0.983432,0.991576,3.00E-05,11422,0.035306,0.035306,0.981265,327091,0.992456
64,818,2,0.984597,0.992178,3.60E-05,10870,0.035305,0.035305,0.978773,327060,0.992426
65,810,2,0.975352,0.987365,2.30E-05,12308,0.035068,0.035068,0.98492,322704,0.985725
66,819,2,0.985765,0.99278,3.10E-05,11220,0.03537,0.03537,0.979948,328254,0.994238
67,826,2,0.994019,0.996992,5.40E-05,30234,0.03553,0.03553,0.972095,331217,0.998793
68,819,2,0.985765,0.99278,3.50E-05,15527,0.035353,0.035353,0.979022,327944,0.99377
69,820,2,0.986936,0.993381,3.60E-05,12559,0.035387,0.035387,0.97849,328567,0.994724
70,787,2,0.949714,0.973526,1.80E-05,3694,0.034126,0.034126,0.987853,305534,0.959253
71,820,2,0.986936,0.993381,0.000116,14890,0.035361,0.035361,0.977084,328095,0.994005
72,813,2,0.978799,0.98917,3.00E-05,12054,0.035136,0.035136,0.981486,323967,0.987676
73,820,2,0.986936,0.993381,3.50E-05,11945,0.035392,0.035392,0.978772,328662,0.994868
74,779,2,0.94111,0.968712,1.90E-05,4444,0.033804,0.033804,0.989166,299748,0.950182
75,828,2,0.996403,0.998195,6.60E-05,29696,0.03556,0.03556,0.96897,331754,0.999631
76,823,2,0.990465,0.995187,4.60E-05,20649,0.035455,0.035455,0.97506,329817,0.996647
77,827,2,0.99521,0.997593,6.20E-05,34561,0.035542,0.035542,0.970388,331437,0.99914
78,828,2,0.996403,0.998195,9.80E-05,17664,0.035544,0.035544,0.968114,331461,0.999187
79,821,2,0.988109,0.993983,3.30E-05,10541,0.035437,0.035437,0.978866,329496,0.996135
80,822,2,0.989286,0.994585,4.00E-05,23763,0.035448,0.035448,0.977083,329698,0.996454
81,817,2,0.983432,0.991576,2.70E-05,14886,0.035316,0.035316,0.981781,327263,0.992717
82,799,2,0.96292,0.980746,1.90E-05,11549,0.034638,0.034638,0.987557,314834,0.973639
83,828,2,0.996403,0.998195,6.60E-05,41663,0.03556,0.03556,0.96897,331754,0.999631
84,825,2,0.992832,0.99639,7.60E-05,28446,0.035454,0.035454,0.970291,329802,0.996652
85,823,2,0.990465,0.995187,4.30E-05,25582,0.03547,0.03547,0.975917,330107,0.99708
86,825,2,0.992832,0.99639,6.10E-05,16730,0.035463,0.035463,0.970809,329978,0.996921
87,818,2,0.984597,0.992178,3.00E-05,12590,0.035341,0.035341,0.980739,327717,0.993418
88,825,2,0.992832,0.99639,7.00E-05,29147,0.035486,0.035486,0.972027,330392,0.997541
89,829,2,0.997599,0.998797,8.50E-05,38235,0.035566,0.035566,0.966967,331869,0.999816
90,821,2,0.988109,0.993983,3.80E-05,17151,0.035418,0.035418,0.977826,329146,0.995606
91,828,2,0.996403,0.998195,8.10E-05,28495,0.035546,0.035546,0.968266,331513,0.999266
92,797,2,0.960694,0.979543,1.90E-05,7570,0.034551,0.034551,0.987683,313299,0.971195
93,823,2,0.990465,0.995187,4.10E-05,16459,0.035476,0.035476,0.976231,330213,0.997239
94,745,2,0.906216,0.948255,1.00E-05,4319,0.032387,0.032387,0.992563,275079,0.910356
95,821,2,0.988109,0.993983,4.10E-05,20152,0.035414,0.035414,0.977615,329075,0.995502
96,813,2,0.978799,0.98917,2.20E-05,11708,0.035193,0.035193,0.984592,324992,0.989239
97,808,2,0.973068,0.986161,5.70E-05,8239,0.034948,0.034948,0.982998,320485,0.982376
98,822,2,0.989286,0.994585,3.70E-05,20863,0.035456,0.035456,0.977539,329852,0.996685
99,823,2,0.990465,0.995187,4.20E-05,23946,0.035474,0.035474,0.976116,330174,0.997185
100,820,2,0.986936,0.993381,3.40E-05,11773,0.035396,0.035396,0.979008,328741,0.994986
101,828,2,0.996403,0.998195,6.60E-05,40443,0.03556,0.03556,0.96897,331754,0.999631
102,816,2,0.98227,0.990975,3.80E-05,15617,0.035239,0.035239,0.979953,325854,0.990574
103,812,2,0.977647,0.988568,3.30E-05,7579,0.035078,0.035078,0.980599,322878,0.986043
104,822,2,0.989286,0.994585,4.10E-05,23963,0.035437,0.035437,0.976511,329505,0.99616
105,822,2,0.989286,0.994585,0.00013,10904,0.035368,0.035368,0.972714,328224,0.994229
106,784,2,0.946469,0.971721,1.20E-05,9032,0.034054,0.034054,0.991454,304313,0.957217
107,822,2,0.989286,0.994585,4.60E-05,15895,0.035422,0.035422,0.975637,329210,0.995726
108,765,2,0.926421,0.960289,7.00E-06,3077,0.033286,0.033286,0.994823,290717,0.935608
109,824,2,0.991647,0.995788,5.20E-05,18892,0.035476,0.035476,0.973864,330214,0.997256
110,830,2,0.998798,0.999398,0.000172,37565,0.035552,0.035552,0.963911,331619,0.999449
111,800,2,0.964037,0.981348,1.80E-05,5193,0.034673,0.034673,0.987059,315464,0.974636
112,822,2,0.989286,0.994585,6.40E-05,11263,0.035392,0.035392,0.974036,328670,0.994908
113,801,2,0.965157,0.981949,0.000104,6499,0.034642,0.034642,0.982784,314884,0.973774
114,807,2,0.97193,0.98556,1.90E-05,6450,0.034961,0.034961,0.986231,320743,0.982735
115,735,2,0.89644,0.942238,4.70E-05,2294,0.031866,0.031866,0.987659,266416,0.89573
116,784,2,0.946469,0.971721,2.10E-05,5819,0.034004,0.034004,0.988447,303390,0.955808
117,824,2,0.991647,0.995788,6.10E-05,22244,0.035476,0.035476,0.973847,330208,0.997245
118,698,2,0.862033,0.919976,3.00E-06,2263,0.030431,0.030431,0.996793,242473,0.855369
119,608,2,0.788425,0.865824,2.00E-06,832,0.026545,0.026545,0.997719,184107,0.746129
120,804,2,0.968531,0.983755,2.10E-05,6971,0.034825,0.034825,0.985911,318258,0.978903
121,825,2,0.992832,0.99639,5.40E-05,21691,0.035495,0.035495,0.972551,330570,0.997808
122,826,2,0.994019,0.996992,7.40E-05,27877,0.035501,0.035501,0.970466,330662,0.997964
123,813,2,0.978799,0.98917,2.70E-05,15372,0.035157,0.035157,0.982619,324341,0.988254
124,824,2,0.991647,0.995788,4.60E-05,21122,0.035491,0.035491,0.974681,330491,0.997676
125,801,2,0.965157,0.981949,2.10E-05,7870,0.034697,0.034697,0.986096,315945,0.975296
126,823,2,0.990465,0.995187,4.40E-05,17638,0.035467,0.035467,0.975749,330050,0.997001
127,813,2,0.978799,0.98917,3.40E-05,8192,0.035123,0.035123,0.980714,323712,0.987307
128,804,2,0.968531,0.983755,2.90E-05,7675,0.034799,0.034799,0.984436,317782,0.978178
129,826,2,0.994019,0.996992,0.000141,24534,0.035487,0.035487,0.969776,330427,0.997602
130,806,2,0.970794,0.984958,2.60E-05,10511,0.034881,0.034881,0.98415,319273,0.980496
131,823,2,0.990465,0.995187,4.70E-05,21631,0.035452,0.035452,0.974918,329769,0.996575
132,790,2,0.952982,0.975331,1.10E-05,8123,0.034316,0.034316,0.991545,309020,0.964575
133,785,2,0.947548,0.972323,2.00E-05,4056,0.034001,0.034001,0.985831,303360,0.955762
134,828,2,0.996403,0.998195,6.60E-05,28586,0.03556,0.03556,0.96897,331754,0.999631
135,825,2,0.992832,0.99639,5.10E-05,18801,0.035509,0.035509,0.973266,330813,0.998175
136,808,2,0.973068,0.986161,2.50E-05,9883,0.034984,0.034984,0.985056,321156,0.983373
137,829,2,0.997599,0.998797,8.50E-05,45539,0.035566,0.035566,0.966967,331869,0.999816
138,822,2,0.989286,0.994585,3.90E-05,16521,0.03545,0.03545,0.97721,329741,0.996518
139,813,2,0.978799,0.98917,2.30E-05,8062,0.035182,0.035182,0.983995,324795,0.988945
140,816,2,0.98227,0.990975,3.40E-05,7914,0.035231,0.035231,0.979463,325691,0.990345
141,825,2,0.992832,0.99639,6.30E-05,22460,0.0355,0.0355,0.972813,330659,0.997937
142,809,2,0.974209,0.986763,2.30E-05,7049,0.035025,0.035025,0.98494,321914,0.984539
143,813,2,0.978799,0.98917,2.40E-05,10614,0.035178,0.035178,0.98381,324734,0.988842
144,811,2,0.976498,0.987966,3.10E-05,9784,0.035048,0.035048,0.981306,322315,0.985182
145,809,2,0.974209,0.986763,2.20E-05,10435,0.035037,0.035037,0.985632,322140,0.984869
146,826,2,0.994019,0.996992,5.80E-05,22313,0.035522,0.035522,0.971655,331067,0.998568
147,824,2,0.991647,0.995788,4.90E-05,19790,0.03548,0.03548,0.974056,330279,0.997356
148,794,2,0.957373,0.977738,2.20E-05,4164,0.034378,0.034378,0.985096,310129,0.966335
149,771,2,0.93266,0.963899,1.00E-05,3329,0.033514,0.033514,0.992777,294691,0.942029
150,827,2,0.99521,0.997593,7.60E-05,26047,0.035529,0.035529,0.969682,331196,0.998775
151,776,2,0.937923,0.966907,1.30E-05,3889,0.033706,0.033706,0.991317,298089,0.947429
152,806,2,0.970794,0.984958,2.50E-05,12503,0.03488,0.03488,0.984091,319254,0.980444
153,823,2,0.990465,0.995187,4.80E-05,14244,0.035457,0.035457,0.975208,329867,0.996724
154,616,2,0.794455,0.870638,4.00E-06,1100,0.026831,0.026831,0.996716,188798,0.754212
155,826,2,0.994019,0.996992,0.000136,23841,0.035497,0.035497,0.970275,330597,0.99786
156,822,2,0.989286,0.994585,4.20E-05,13402,0.035435,0.035435,0.976366,329456,0.996085
157,799,2,0.96292,0.980746,1.80E-05,8411,0.034633,0.034634,0.987415,314789,0.973513
158,823,2,0.990465,0.995187,4.20E-05,21721,0.035474,0.035474,0.976101,330169,0.997176
159,822,2,0.989286,0.994585,4.00E-05,13147,0.035443,0.035443,0.976783,329597,0.996302
160,820,2,0.986936,0.993381,5.20E-05,16941,0.035369,0.035369,0.977531,328245,0.994235
161,819,2,0.985765,0.99278,3.70E-05,11423,0.035342,0.035342,0.978437,327748,0.993475
162,824,2,0.991647,0.995788,4.70E-05,23259,0.035487,0.035487,0.974484,330424,0.997571
163,818,2,0.984597,0.992178,3.50E-05,19709,0.035321,0.035321,0.97968,327363,0.992876
164,808,2,0.973068,0.986161,1.90E-05,5857,0.03501,0.03501,0.986486,321622,0.984087
165,315,2,0.616927,0.689531,1.00E-06,419,0.013771,0.013771,0.99727,49320,0.387101
166,791,2,0.954076,0.975933,1.60E-05,3540,0.034313,0.034313,0.988747,308929,0.964498
167,763,2,0.92436,0.959085,0.000101,4074,0.032991,0.032991,0.98235,285572,0.927376
168,825,2,0.992832,0.99639,5.00E-05,26687,0.035511,0.035511,0.97338,330852,0.99823
169,809,2,0.974209,0.986763,2.90E-05,10239,0.034984,0.034984,0.982673,321173,0.983374
170,825,2,0.992832,0.99639,5.60E-05,22226,0.035497,0.035497,0.972613,330591,0.997843
171,782,2,0.944318,0.970517,1.30E-05,5093,0.033971,0.033971,0.991676,302829,0.954882
172,803,2,0.967404,0.983153,2.10E-05,4989,0.034787,0.034787,0.986115,317532,0.977822
173,790,2,0.952982,0.975331,0.000108,3929,0.034128,0.034128,0.980725,305648,0.959357
174,825,2,0.992832,0.99639,5.60E-05,31229,0.035497,0.035497,0.972639,330600,0.997855
175,813,2,0.978799,0.98917,3.00E-05,9965,0.035139,0.035139,0.981577,323997,0.987739
176,630,2,0.805233,0.879061,4.00E-06,1591,0.02744,0.02744,0.995084,197161,0.771312
177,776,2,0.937923,0.966907,1.90E-05,3712,0.033639,0.033639,0.987167,296841,0.945571
178,825,2,0.992832,0.99639,5.20E-05,21046,0.035501,0.035501,0.972848,330671,0.997958
179,777,2,0.938983,0.967509,4.90E-05,6797,0.033543,0.033543,0.979488,295292,0.942919
180,813,2,0.978799,0.98917,2.30E-05,8062,0.035182,0.035182,0.983995,324795,0.988945
181,811,2,0.976498,0.987966,0.00015,11605,0.034852,0.034852,0.97051,318769,0.979752
182,807,2,0.97193,0.98556,2.60E-05,6516,0.034922,0.034922,0.984042,320031,0.981636
183,824,2,0.991647,0.995788,6.40E-05,20910,0.03546,0.03546,0.973009,329924,0.996819
184,826,2,0.994019,0.996992,5.80E-05,34863,0.035523,0.035523,0.971681,331076,0.99858
185,810,2,0.975352,0.987365,2.90E-05,10411,0.035024,0.035024,0.982414,321883,0.984499
186,826,2,0.994019,0.996992,5.40E-05,27367,0.03553,0.03553,0.972095,331217,0.998793
187,803,2,0.967404,0.983153,1.90E-05,4300,0.034793,0.034793,0.986478,317649,0.978009
188,817,2,0.983432,0.991576,2.80E-05,14149,0.035314,0.035314,0.981679,327229,0.992658
189,821,2,0.988109,0.993983,3.70E-05,15417,0.035418,0.035418,0.977835,329149,0.99561
190,116,2,0.537516,0.569795,0,149,0.005028,0.005028,0.992354,6619,0.14135
191,829,2,0.997599,0.998797,0.000117,21208,0.03555,0.03555,0.966114,331576,0.999373
192,823,2,0.990465,0.995187,5.00E-05,16347,0.035428,0.035428,0.973606,329325,0.995912
193,822,2,0.989286,0.994585,4.10E-05,14984,0.035441,0.035441,0.97668,329562,0.99625
194,825,2,0.992832,0.99639,5.30E-05,13686,0.035498,0.035498,0.972695,330619,0.997882
195,757,2,0.918232,0.955475,5.00E-06,3542,0.032963,0.032963,0.996033,285011,0.926535
196,800,2,0.964037,0.981348,1.30E-05,8244,0.034727,0.034727,0.990147,316451,0.976128
197,734,2,0.895474,0.941637,2.00E-06,1946,0.032008,0.032008,0.998528,268615,0.899671
198,823,2,0.990465,0.995187,4.80E-05,11248,0.035445,0.035445,0.974525,329636,0.996375
199,819,2,0.985765,0.99278,3.50E-05,17193,0.035356,0.035356,0.979171,327994,0.993844
200,820,2,0.986936,0.993381,3.60E-05,17638,0.035392,0.035392,0.97879,328668,0.994872
201,823,2,0.990465,0.995187,4.10E-05,17264,0.035476,0.035476,0.976257,330222,0.997251
202,821,2,0.988109,0.993983,4.00E-05,16207,0.035412,0.035412,0.977475,329028,0.995427
203,827,2,0.99521,0.997593,6.20E-05,29501,0.035542,0.035542,0.970388,331437,0.99914
204,767,2,0.928492,0.961492,2.70E-05,4893,0.033313,0.033313,0.990996,291116,0.936398
205,820,2,0.986936,0.993381,3.60E-05,11105,0.03538,0.03538,0.978123,328444,0.994543
206,804,2,0.968531,0.983755,1.70E-05,7025,0.034854,0.034854,0.987491,318768,0.979711
207,826,2,0.994019,0.996992,6.10E-05,23235,0.035511,0.035511,0.971009,330847,0.998242
208,823,2,0.990465,0.995187,4.60E-05,18716,0.035458,0.035458,0.97524,329878,0.996736
209,826,2,0.994019,0.996992,7.20E-05,25440,0.035509,0.035509,0.970947,330826,0.998203
210,806,2,0.970794,0.984958,2.20E-05,9056,0.03491,0.03491,0.985796,319807,0.981299
211,760,2,0.921286,0.95728,1.30E-05,3781,0.032999,0.032999,0.990264,285612,0.927569
212,785,2,0.947548,0.972323,5.50E-05,5801,0.033862,0.033862,0.977944,300933,0.951873
213,828,2,0.996403,0.998195,8.10E-05,34895,0.035546,0.035546,0.968266,331513,0.999266
214,814,2,0.979953,0.989771,4.00E-05,10390,0.035116,0.035116,0.977836,323557,0.987113
215,821,2,0.988109,0.993983,4.40E-05,21276,0.035397,0.035397,0.976655,328752,0.995017
216,782,2,0.944318,0.970517,2.10E-05,4499,0.033864,0.033864,0.985529,300952,0.951906
217,820,2,0.986936,0.993381,4.20E-05,12109,0.035368,0.035368,0.977471,328225,0.994212
218,823,2,0.990465,0.995187,4.60E-05,20916,0.035466,0.035466,0.975699,330033,0.996973
219,775,2,0.936866,0.966306,1.10E-05,3183,0.033679,0.033679,0.992271,297607,0.946672
220,824,2,0.991647,0.995788,4.90E-05,27392,0.035486,0.035486,0.974407,330398,0.997535
221,788,2,0.950801,0.974128,2.30E-05,3881,0.034138,0.034138,0.986129,305777,0.959605
222,826,2,0.994019,0.996992,5.70E-05,31269,0.035525,0.035525,0.971795,331115,0.99864
223,813,2,0.978799,0.98917,3.10E-05,10236,0.035135,0.035135,0.981386,323934,0.987636
224,787,2,0.949714,0.973526,1.00E-05,4249,0.034197,0.034197,0.992214,306883,0.961236
225,819,2,0.985765,0.99278,3.50E-05,15190,0.035361,0.035361,0.979458,328090,0.993989
226,754,2,0.915198,0.95367,2.00E-05,3704,0.032691,0.032691,0.987202,280248,0.918916
227,823,2,0.990465,0.995187,4.30E-05,21590,0.03547,0.03547,0.975917,330107,0.99708
228,815,2,0.98111,0.990373,2.90E-05,8510,0.035228,0.035228,0.98171,325638,0.990242
229,827,2,0.99521,0.997593,6.60E-05,31562,0.035522,0.035522,0.969273,331056,0.99857
230,802,2,0.966279,0.982551,2.10E-05,5489,0.034746,0.034746,0.986233,316779,0.976675
231,826,2,0.994019,0.996992,5.90E-05,33227,0.03552,0.03552,0.97154,331028,0.998514
232,821,2,0.988109,0.993983,3.80E-05,18736,0.03542,0.03542,0.977948,329187,0.995669
233,824,2,0.991647,0.995788,4.60E-05,20861,0.035491,0.035491,0.974696,330496,0.997679
234,754,2,0.915198,0.95367,2.70E-05,3470,0.032668,0.032668,0.985822,279856,0.918277
235,820,2,0.986936,0.993381,4.90E-05,13856,0.03533,0.03533,0.975374,327521,0.993155
236,824,2,0.991647,0.995788,4.70E-05,31422,0.035487,0.035487,0.974469,330419,0.997568
237,825,2,0.992832,0.99639,5.00E-05,28419,0.035511,0.035511,0.973407,330861,0.998242
238,815,2,0.98111,0.990373,2.50E-05,11112,0.035252,0.035252,0.98303,326076,0.990903
239,822,2,0.989286,0.994585,4.70E-05,12384,0.035418,0.035418,0.975453,329148,0.995631
240,824,2,0.991647,0.995788,5.00E-05,26728,0.035486,0.035486,0.97438,330389,0.997523
241,822,2,0.989286,0.994585,4.10E-05,14340,0.035439,0.035439,0.976609,329538,0.996214
242,811,2,0.976498,0.987966,3.20E-05,11415,0.035025,0.035025,0.980016,321891,0.984547
243,828,2,0.996403,0.998195,6.60E-05,26015,0.03556,0.03556,0.96897,331754,0.999631
244,810,2,0.975352,0.987365,2.90E-05,6055,0.035024,0.035024,0.982451,321895,0.984526
245,438,2,0.678922,0.763538,1.00E-06,580,0.019124,0.019124,0.997743,95487,0.53756
246,814,2,0.979953,0.989771,3.90E-05,12153,0.035116,0.035116,0.977923,323586,0.987131
247,828,2,0.996403,0.998195,8.20E-05,33228,0.035542,0.035542,0.968029,331432,0.999146
248,756,2,0.917219,0.954874,4.00E-06,3086,0.032933,0.032933,0.996797,284476,0.925686
249,822,2,0.989286,0.994585,4.20E-05,23357,0.035435,0.035435,0.976371,329458,0.996093
250,821,2,0.988109,0.993983,4.50E-05,12111,0.035386,0.035386,0.976088,328561,0.994731
251,819,2,0.985765,0.99278,4.60E-05,12487,0.035311,0.035311,0.976696,327165,0.992605
252,826,2,0.994019,0.996992,5.90E-05,31892,0.035518,0.035518,0.971443,330995,0.99846
253,782,2,0.944318,0.970517,1.30E-05,4078,0.03397,0.03397,0.991417,302750,0.954844
254,761,2,0.922309,0.957882,1.00E-05,2601,0.033081,0.033081,0.992925,287134,0.929842
255,821,2,0.988109,0.993983,4.20E-05,13035,0.035395,0.035395,0.976549,328716,0.994958
256,801,2,0.965157,0.981949,2.20E-05,5595,0.034698,0.034698,0.985971,315905,0.975321
257,824,2,0.991647,0.995788,4.60E-05,22162,0.035489,0.035489,0.974599,330463,0.997631
258,815,2,0.98111,0.990373,3.00E-05,10523,0.035224,0.035224,0.98149,325565,0.990137
259,829,2,0.997599,0.998797,8.50E-05,34257,0.035566,0.035566,0.966967,331869,0.999816
260,824,2,0.991647,0.995788,4.60E-05,23817,0.035491,0.035491,0.974669,330487,0.997672
261,826,2,0.994019,0.996992,5.40E-05,41676,0.03553,0.03553,0.972095,331217,0.998793
262,804,2,0.968531,0.983755,2.20E-05,8621,0.034819,0.034819,0.985595,318156,0.978733
263,730,2,0.891631,0.93923,1.00E-06,1340,0.031846,0.031846,0.999139,265856,0.895123
264,748,2,0.90919,0.95006,1.00E-05,3799,0.032536,0.032536,0.993077,277444,0.914547
265,825,2,0.992832,0.99639,5.00E-05,17836,0.035511,0.035511,0.97338,330852,0.99823
266,824,2,0.991647,0.995788,5.30E-05,24213,0.035473,0.035473,0.973708,330161,0.997181
267,825,2,0.992832,0.99639,5.00E-05,20826,0.035511,0.035511,0.973392,330856,0.998239
268,812,2,0.977647,0.988568,3.00E-05,8640,0.035103,0.035103,0.982002,323340,0.986731
269,822,2,0.989286,0.994585,4.20E-05,12473,0.035433,0.035433,0.97625,329417,0.99603
270,827,2,0.99521,0.997593,6.30E-05,30693,0.03554,0.03554,0.970259,331393,0.999077
271,829,2,0.997599,0.998797,8.50E-05,26680,0.035566,0.035566,0.966967,331869,0.999816
272,709,2,0.871983,0.926594,6.00E-06,2305,0.030888,0.030888,0.995203,249782,0.868217
273,730,2,0.891631,0.93923,2.00E-05,2756,0.031625,0.031626,0.986437,262476,0.888992
274,650,2,0.821146,0.891095,1.00E-05,1541,0.02826,0.02826,0.993211,209493,0.79438
275,820,2,0.986936,0.993381,3.40E-05,17983,0.035392,0.035392,0.978781,328665,0.994876
276,827,2,0.99521,0.997593,6.50E-05,30269,0.035527,0.035527,0.969548,331150,0.998711
277,820,2,0.986936,0.993381,3.70E-05,22363,0.035378,0.035378,0.978031,328413,0.994492
278,828,2,0.996403,0.998195,0.000144,31061,0.035536,0.035536,0.967699,331319,0.998972
279,821,2,0.988109,0.993983,3.80E-05,16560,0.035415,0.035415,0.977677,329096,0.995535
280,825,2,0.992832,0.99639,5.00E-05,31069,0.035511,0.035511,0.973407,330861,0.998242
281,814,2,0.979953,0.989771,3.00E-05,17569,0.035188,0.035188,0.981943,324916,0.989129
282,829,2,0.997599,0.998797,0.000118,25099,0.035546,0.035546,0.965878,331495,0.999253
283,763,2,0.92436,0.959085,2.10E-05,3386,0.033068,0.033068,0.987131,286962,0.929538
284,797,2,0.960694,0.979543,1.80E-05,11455,0.034563,0.034563,0.988333,313505,0.971533
285,827,2,0.99521,0.997593,6.30E-05,23435,0.03554,0.03554,0.970274,331398,0.99908
286,828,2,0.996403,0.998195,8.10E-05,32189,0.035546,0.035546,0.968249,331507,0.999263
287,827,2,0.99521,0.997593,6.40E-05,23559,0.035536,0.035536,0.970037,331317,0.99896
288,823,2,0.990465,0.995187,4.20E-05,15251,0.035474,0.035474,0.976101,330169,0.997176
289,818,2,0.984597,0.992178,3.60E-05,13215,0.035313,0.035313,0.979222,327210,0.992652
290,827,2,0.99521,0.997593,6.40E-05,23257,0.035536,0.035536,0.970037,331317,0.99896
291,825,2,0.992832,0.99639,6.30E-05,21635,0.0355,0.0355,0.972786,330650,0.997924
292,825,2,0.992832,0.99639,5.00E-05,24172,0.035511,0.035511,0.973392,330856,0.998239
293,819,2,0.985765,0.99278,3.20E-05,11801,0.035361,0.035361,0.979458,328090,0.993995
294,525,2,0.730871,0.815884,1.50E-05,1119,0.022846,0.022846,0.991807,136423,0.642208
295,817,2,0.983432,0.991576,2.60E-05,12420,0.035324,0.035324,0.982231,327413,0.992939
296,828,2,0.996403,0.998195,8.00E-05,28558,0.035549,0.035549,0.96838,331552,0.999325
297,829,2,0.997599,0.998797,8.50E-05,35454,0.035566,0.035566,0.966967,331869,0.999816
298,823,2,0.990465,0.995187,4.10E-05,20157,0.035476,0.035476,0.976257,330222,0.997251
299,814,2,0.979953,0.989771,2.50E-05,10457,0.035208,0.035208,0.983003,325267,0.989671
300,816,2,0.98227,0.990975,2.60E-05,15237,0.035279,0.035279,0.982148,326584,0.991682
301,754,2,0.915198,0.95367,9.00E-06,2241,0.032797,0.032797,0.994061,282195,0.921879
302,810,2,0.975352,0.987365,2.50E-05,9510,0.035056,0.035056,0.984202,322469,0.98539
303,827,2,0.99521,0.997593,5.90E-05,37637,0.035547,0.035547,0.97066,331530,0.999279
304,817,2,0.983432,0.991576,3.20E-05,11089,0.035294,0.035294,0.980587,326865,0.992115
305,822,2,0.989286,0.994585,4.50E-05,22938,0.035434,0.035434,0.976303,329435,0.996056
306,815,2,0.98111,0.990373,2.60E-05,11522,0.035249,0.035249,0.98287,326023,0.990821
307,819,2,0.985765,0.99278,4.10E-05,15759,0.035332,0.035332,0.977891,327565,0.9932
308,811,2,0.976498,0.987966,3.20E-05,7228,0.035053,0.035053,0.981663,322432,0.985344
309,809,2,0.974209,0.986763,2.60E-05,8169,0.035009,0.035009,0.984053,321624,0.984087
310,806,2,0.970794,0.984958,2.40E-05,7902,0.034899,0.034899,0.985142,319595,0.980975
311,826,2,0.994019,0.996992,7.50E-05,30530,0.035488,0.035488,0.969776,330427,0.997608
312,824,2,0.991647,0.995788,4.40E-05,24840,0.035496,0.035496,0.974938,330578,0.997802
313,821,2,0.988109,0.993983,4.60E-05,20038,0.035375,0.035375,0.975467,328352,0.994417
314,816,2,0.98227,0.990975,3.90E-05,12510,0.035217,0.035217,0.978711,325441,0.989947
315,829,2,0.997599,0.998797,8.50E-05,32879,0.035566,0.035566,0.966967,331869,0.999816
316,821,2,0.988109,0.993983,3.80E-05,17286,0.035414,0.035414,0.977579,329063,0.995486
317,790,2,0.952982,0.975331,3.00E-05,5201,0.034156,0.034156,0.982381,306164,0.96013
318,357,2,0.636782,0.714801,0,527,0.015635,0.015635,0.99978,63532,0.439482
319,820,2,0.986936,0.993381,6.20E-05,12448,0.035315,0.035315,0.974547,327243,0.99273
320,830,2,0.998798,0.999398,0.000121,37831,0.035569,0.035569,0.96482,331932,0.999924
321,324,2,0.621076,0.694946,1.30E-05,341,0.014151,0.014151,0.994171,52021,0.3978
322,803,2,0.967404,0.983153,1.60E-05,13324,0.034826,0.034826,0.988376,318260,0.978905
323,827,2,0.99521,0.997593,5.90E-05,23283,0.035547,0.035547,0.97066,331530,0.999279
324,806,2,0.970794,0.984958,6.00E-05,7917,0.034734,0.034734,0.975914,316601,0.976393
325,810,2,0.975352,0.987365,2.40E-05,4706,0.035053,0.035053,0.98408,322429,0.985332
326,817,2,0.983432,0.991576,2.70E-05,15430,0.035321,0.035321,0.982054,327354,0.992852
327,826,2,0.994019,0.996992,5.40E-05,29209,0.03553,0.03553,0.972095,331217,0.998793
328,822,2,0.989286,0.994585,5.00E-05,15947,0.035411,0.035411,0.975059,329015,0.99543
329,767,2,0.928492,0.961492,1.50E-05,2809,0.033264,0.033264,0.988371,290345,0.935018
330,824,2,0.991647,0.995788,5.40E-05,25057,0.035471,0.035471,0.973578,330117,0.99711
331,823,2,0.990465,0.995187,4.50E-05,19897,0.035462,0.035462,0.975465,329954,0.996853
332,815,2,0.98111,0.990373,2.90E-05,12341,0.035231,0.035231,0.981869,325691,0.990328
333,824,2,0.991647,0.995788,5.00E-05,21189,0.035474,0.035474,0.973749,330175,0.997205
334,828,2,0.996403,0.998195,8.10E-05,38750,0.035546,0.035546,0.968249,331507,0.999263
335,820,2,0.986936,0.993381,3.80E-05,12437,0.035376,0.035376,0.977876,328361,0.994415
336,819,2,0.985765,0.99278,3.50E-05,12224,0.035354,0.035354,0.979091,327967,0.993807
337,796,2,0.959584,0.978941,0.000118,6635,0.034334,0.034334,0.977675,309346,0.965146
338,813,2,0.978799,0.98917,3.00E-05,11089,0.03513,0.03513,0.981104,323841,0.987512
339,815,2,0.98111,0.990373,2.80E-05,10784,0.035236,0.035236,0.982165,325789,0.990474
340,821,2,0.988109,0.993983,4.40E-05,15849,0.035385,0.035385,0.975984,328526,0.99468
341,819,2,0.985765,0.99278,3.40E-05,14242,0.035356,0.035356,0.979216,328009,0.99387
342,819,2,0.985765,0.99278,3.90E-05,13676,0.035336,0.035336,0.978085,327630,0.993294
343,823,2,0.990465,0.995187,4.40E-05,19123,0.035467,0.035467,0.975749,330050,0.997001
344,724,2,0.885928,0.93562,1.00E-05,2123,0.031471,0.031471,0.992809,259844,0.884624
345,831,1,1,1,0.000176,41752,0.035571,0.035571,0.962623,331975,1
346,828,2,0.996403,0.998195,8.00E-05,34426,0.035548,0.035548,0.968365,331547,0.999317
347,818,2,0.984597,0.992178,3.20E-05,9948,0.035323,0.035323,0.979749,327386,0.992923
348,820,2,0.986936,0.993381,4.50E-05,13568,0.035338,0.035338,0.975771,327654,0.993358
349,810,2,0.975352,0.987365,2.40E-05,3830,0.035052,0.035052,0.983974,322394,0.985287
350,825,2,0.992832,0.99639,6.80E-05,25492,0.035492,0.035492,0.97238,330512,0.997721
351,810,2,0.975352,0.987365,2.40E-05,7659,0.035056,0.035056,0.984227,322477,0.985398
352,818,2,0.984597,0.992178,3.40E-05,14951,0.035321,0.035321,0.97965,327353,0.992861
353,813,2,0.978799,0.98917,2.80E-05,12806,0.035157,0.035157,0.982634,324346,0.988255
354,820,2,0.986936,0.993381,3.50E-05,24345,0.035394,0.035394,0.978927,328714,0.994939
355,780,2,0.942177,0.969314,1.10E-05,5100,0.033885,0.033885,0.991919,301355,0.952463
356,829,2,0.997599,0.998797,8.50E-05,34300,0.035566,0.035566,0.966967,331869,0.999816
357,811,2,0.976498,0.987966,2.90E-05,13079,0.035066,0.035066,0.982366,322663,0.985695
358,363,2,0.639723,0.718412,9.00E-06,462,0.015719,0.015719,0.988372,64939,0.441881
359,815,2,0.98111,0.990373,2.90E-05,8071,0.035217,0.035217,0.981131,325446,0.989955
360,546,2,0.744624,0.82852,1.00E-06,1150,0.023836,0.023836,0.998488,148560,0.670007
361,826,2,0.994019,0.996992,7.60E-05,26932,0.035494,0.035494,0.970111,330541,0.997776
362,803,2,0.967404,0.983153,2.30E-05,6808,0.034772,0.034772,0.985382,317296,0.977413
363,826,2,0.994019,0.996992,5.80E-05,25942,0.035522,0.035522,0.971655,331067,0.998568
364,803,2,0.967404,0.983153,0.000114,8380,0.034648,0.034648,0.978267,315005,0.973972
365,824,2,0.991647,0.995788,8.70E-05,11519,0.035434,0.035434,0.971579,329439,0.996089
366,823,2,0.990465,0.995187,4.30E-05,23739,0.03547,0.03547,0.975903,330102,0.997071
367,795,2,0.958478,0.978339,1.70E-05,6298,0.034476,0.034476,0.988122,311866,0.969082
368,819,2,0.985765,0.99278,3.10E-05,16153,0.03537,0.03537,0.979948,328254,0.994238
369,824,2,0.991647,0.995788,5.20E-05,14676,0.035476,0.035476,0.973861,330213,0.997254
370,828,2,0.996403,0.998195,8.00E-05,30535,0.035549,0.035549,0.96838,331552,0.999325
371,802,2,0.966279,0.982551,2.50E-05,10590,0.034732,0.034732,0.985498,316543,0.976285
372,753,2,0.914191,0.953069,1.90E-05,2685,0.032659,0.032659,0.98815,279773,0.918031
373,799,2,0.96292,0.980746,1.30E-05,6341,0.034683,0.034683,0.990097,315644,0.974897
374,225,2,0.578288,0.635379,0,225,0.009846,0.009846,1,25200,0.276782
375,824,2,0.991647,0.995788,5.40E-05,20577,0.035471,0.035471,0.973566,330113,0.997107
376,808,2,0.973068,0.986161,2.50E-05,9537,0.034984,0.034984,0.985056,321156,0.983373
377,828,2,0.996403,0.998195,8.10E-05,26319,0.035546,0.035546,0.968266,331513,0.999266
378,773,2,0.934758,0.965102,1.00E-05,5841,0.033606,0.033606,0.992992,296287,0.944611
379,823,2,0.990465,0.995187,4.10E-05,21344,0.035476,0.035476,0.976243,330217,0.997248
380,824,2,0.991647,0.995788,5.10E-05,20897,0.035472,0.035472,0.973658,330144,0.997151
381,829,2,0.997599,0.998797,0.000167,30830,0.035535,0.035535,0.965298,331296,0.99895
382,823,2,0.990465,0.995187,4.20E-05,20139,0.035474,0.035474,0.976101,330169,0.997176
383,814,2,0.979953,0.989771,2.80E-05,8822,0.035197,0.035197,0.982429,325077,0.989385
384,809,2,0.974209,0.986763,6.40E-05,11966,0.034944,0.034944,0.980394,320428,0.982264
385,816,2,0.98227,0.990975,3.00E-05,10227,0.035263,0.035263,0.981225,326277,0.991223
386,828,2,0.996403,0.998195,6.60E-05,36971,0.03556,0.03556,0.96897,331754,0.999631
387,814,2,0.979953,0.989771,3.30E-05,5416,0.035166,0.035166,0.980685,324500,0.988515
388,816,2,0.98227,0.990975,2.60E-05,9732,0.035288,0.035288,0.982642,326748,0.991925
389,823,2,0.990465,0.995187,4.20E-05,16162,0.035474,0.035474,0.976116,330174,0.997179
390,828,2,0.996403,0.998195,6.60E-05,28094,0.03556,0.03556,0.96897,331754,0.999631
391,817,2,0.983432,0.991576,2.90E-05,11071,0.0353,0.0353,0.980914,326974,0.992284
392,824,2,0.991647,0.995788,4.80E-05,25406,0.035481,0.035481,0.974153,330312,0.997404
393,821,2,0.988109,0.993983,4.40E-05,17693,0.035394,0.035394,0.976474,328691,0.994931
394,804,2,0.968531,0.983755,2.50E-05,4983,0.034806,0.034806,0.984811,317903,0.978386
395,822,2,0.989286,0.994585,3.90E-05,20907,0.03545,0.03545,0.977172,329728,0.996501
396,783,2,0.945392,0.971119,1.50E-05,5721,0.033982,0.033982,0.989633,302979,0.955179
397,624,2,0.800578,0.875451,6.00E-06,1157,0.027164,0.027164,0.995447,193491,0.763556
398,724,2,0.885928,0.93562,6.00E-06,2032,0.031523,0.031523,0.994884,260387,0.886064
399,780,2,0.942177,0.969314,1.00E-05,3520,0.033897,0.033897,0.992084,301405,0.952795
400,824,2,0.991647,0.995788,4.80E-05,21167,0.035483,0.035483,0.974265,330350,0.99746
401,824,2,0.991647,0.995788,0.000138,16015,0.035405,0.035405,0.970013,328908,0.99529
402,803,2,0.967404,0.983153,2.20E-05,6083,0.034777,0.034777,0.985584,317361,0.97756
403,801,2,0.965157,0.981949,2.20E-05,10980,0.034713,0.034713,0.986876,316195,0.975737
404,803,2,0.967404,0.983153,2.20E-05,6077,0.034769,0.034769,0.985186,317233,0.97732
405,823,2,0.990465,0.995187,4.20E-05,20512,0.035474,0.035474,0.976127,330178,0.997188
406,826,2,0.994019,0.996992,5.40E-05,31263,0.03553,0.03553,0.972095,331217,0.998793
407,820,2,0.986936,0.993381,4.00E-05,15092,0.035372,0.035372,0.977674,328293,0.994308
408,830,2,0.998798,0.999398,0.000172,36467,0.035552,0.035552,0.963893,331613,0.999446
409,828,2,0.996403,0.998195,0.00015,35158,0.035524,0.035524,0.967077,331106,0.998652
410,744,2,0.905229,0.947653,2.10E-05,3064,0.032235,0.032235,0.986592,272690,0.906134
411,829,2,0.997599,0.998797,8.50E-05,40109,0.035566,0.035566,0.966967,331869,0.999816
412,808,2,0.973068,0.986161,1.90E-05,7716,0.035005,0.035005,0.98624,321542,0.983966
413,819,2,0.985765,0.99278,3.50E-05,12822,0.035348,0.035348,0.978724,327844,0.993625
414,816,2,0.98227,0.990975,0.000119,10936,0.035181,0.035181,0.976699,324772,0.98896
415,825,2,0.992832,0.99639,6.70E-05,23403,0.035487,0.035487,0.972115,330422,0.997582
416,829,2,0.997599,0.998797,0.000152,30186,0.035548,0.035548,0.966017,331543,0.999323
417,825,2,0.992832,0.99639,4.90E-05,24844,0.035513,0.035513,0.973522,330900,0.998302
418,812,2,0.977647,0.988568,2.50E-05,6136,0.035129,0.035129,0.983454,323818,0.987462
419,817,2,0.983432,0.991576,2.90E-05,9813,0.035305,0.035305,0.98119,327066,0.992424
420,794,2,0.957373,0.977738,1.70E-05,5747,0.034436,0.034436,0.988216,311111,0.967953
421,818,2,0.984597,0.992178,4.10E-05,8593,0.035286,0.035286,0.977711,326705,0.991895
422,825,2,0.992832,0.99639,0.000139,19151,0.035444,0.035444,0.969768,329624,0.996381
423,826,2,0.994019,0.996992,5.80E-05,23533,0.035523,0.035523,0.971696,331081,0.998589
424,690,2,0.854938,0.915162,6.00E-06,2478,0.030062,0.030062,0.995351,236600,0.844985
425,828,2,0.996403,0.998195,8.00E-05,29498,0.035549,0.035549,0.96838,331552,0.999325
426,824,2,0.991647,0.995788,4.50E-05,19622,0.035494,0.035494,0.974837,330544,0.997751
427,698,2,0.862033,0.919976,7.00E-06,2105,0.030393,0.030393,0.994578,241934,0.854306
428,816,2,0.98227,0.990975,2.80E-05,9708,0.035277,0.035277,0.982052,326552,0.991627
429,808,2,0.973068,0.986161,2.10E-05,8503,0.035006,0.035006,0.986323,321569,0.983994
430,818,2,0.984597,0.992178,3.50E-05,11464,0.035308,0.035308,0.978935,327114,0.992515
431,801,2,0.965157,0.981949,1.50E-05,4969,0.034747,0.034747,0.98882,316818,0.976687
432,800,2,0.964037,0.981348,1.80E-05,5399,0.034691,0.034691,0.988107,315799,0.975132
433,829,2,0.997599,0.998797,0.000102,27470,0.035563,0.035563,0.966816,331817,0.999738
434,822,2,0.989286,0.994585,4.20E-05,18124,0.03543,0.03543,0.976105,329368,0.995959
435,828,2,0.996403,0.998195,8.10E-05,27102,0.035546,0.035546,0.968266,331513,0.999266
436,791,2,0.954076,0.975933,1.60E-05,6592,0.03432,0.03432,0.989096,309038,0.964691
437,810,2,0.975352,0.987365,2.60E-05,6538,0.035037,0.035037,0.983171,322131,0.984883
438,812,2,0.977647,0.988568,3.00E-05,8627,0.035103,0.035103,0.982002,323340,0.986731
439,827,2,0.99521,0.997593,0.000144,19977,0.035509,0.035509,0.96857,330816,0.998201
440,555,2,0.750678,0.833935,2.30E-05,1344,0.024098,0.024098,0.987979,151887,0.677397
441,759,2,0.920266,0.956679,7.00E-06,3974,0.033038,0.033038,0.995171,286272,0.928623
442,826,2,0.994019,0.996992,5.80E-05,30731,0.035522,0.035522,0.971655,331067,0.998568
443,827,2,0.99521,0.997593,0.000161,15139,0.035477,0.035477,0.966878,330238,0.997334
444,761,2,0.922309,0.957882,6.00E-06,3943,0.03312,0.03312,0.995135,287773,0.93094
445,826,2,0.994019,0.996992,6.00E-05,25747,0.035512,0.035512,0.971123,330886,0.998296
446,824,2,0.991647,0.995788,4.50E-05,19973,0.035494,0.035494,0.974837,330544,0.997751
447,798,2,0.961806,0.980144,2.00E-05,3908,0.034588,0.034588,0.987214,313937,0.97224
448,814,2,0.979953,0.989771,2.60E-05,9285,0.035209,0.035209,0.983067,325288,0.989695
449,821,2,0.988109,0.993983,4.30E-05,22177,0.035393,0.035393,0.97643,328676,0.994898
450,820,2,0.986936,0.993381,3.80E-05,13135,0.035377,0.035377,0.977962,328390,0.994459
451,814,2,0.979953,0.989771,2.90E-05,6815,0.03519,0.03519,0.982012,324939,0.989173
452,818,2,0.984597,0.992178,4.70E-05,15973,0.035317,0.035317,0.979447,327285,0.992768
453,816,2,0.98227,0.990975,2.70E-05,13459,0.03528,0.03528,0.982203,326602,0.991709
454,830,2,0.998798,0.999398,0.000171,40519,0.035554,0.035554,0.964007,331652,0.9995
455,808,2,0.973068,0.986161,2.30E-05,13002,0.034988,0.034988,0.98529,321232,0.983474
456,824,2,0.991647,0.995788,5.10E-05,21592,0.035472,0.035472,0.973658,330144,0.997151
457,751,2,0.912184,0.951865,9.00E-06,2512,0.032646,0.032646,0.992245,279441,0.917635
458,789,2,0.95189,0.974729,2.40E-05,3478,0.034142,0.034142,0.984035,305903,0.959722
459,817,2,0.983432,0.991576,3.50E-05,10741,0.035275,0.035275,0.979477,326495,0.991567
460,812,2,0.977647,0.988568,0.000112,4665,0.035059,0.035059,0.979588,322545,0.98552
461,822,2,0.989286,0.994585,4.90E-05,18684,0.035418,0.035418,0.975459,329150,0.99563
462,825,2,0.992832,0.99639,5.60E-05,24165,0.035497,0.035497,0.972613,330591,0.997843
463,811,2,0.976498,0.987966,2.50E-05,8960,0.035091,0.035091,0.983769,323124,0.986396
464,827,2,0.99521,0.997593,6.30E-05,30638,0.03554,0.03554,0.970259,331393,0.999077
465,826,2,0.994019,0.996992,6.00E-05,26742,0.035517,0.035517,0.971343,330961,0.998409
466,813,2,0.978799,0.98917,0.000113,10493,0.035095,0.035095,0.979114,323184,0.98652
467,44,2,0.513597,0.526474,0,44,0.001858,0.001858,1,946,0.052256
468,801,2,0.965157,0.981949,1.40E-05,5593,0.034758,0.034758,0.989398,317003,0.976991
469,828,2,0.996403,0.998195,8.00E-05,41169,0.035549,0.035549,0.96838,331552,0.999325
470,823,2,0.990465,0.995187,0.000128,12547,0.035419,0.035419,0.973121,329161,0.995655
471,822,2,0.989286,0.994585,3.70E-05,18775,0.035457,0.035457,0.977566,329861,0.996697
472,813,2,0.978799,0.98917,3.70E-05,15062,0.035092,0.035092,0.978935,323125,0.986435
473,816,2,0.98227,0.990975,3.80E-05,7891,0.035219,0.035219,0.978816,325476,0.99001
474,824,2,0.991647,0.995788,4.70E-05,19014,0.035489,0.035489,0.974554,330448,0.997612
475,799,2,0.96292,0.980746,0.000113,4755,0.034534,0.034534,0.981572,312926,0.970733
476,816,2,0.98227,0.990975,2.90E-05,9169,0.035262,0.035262,0.981207,326271,0.991211
477,818,2,0.984597,0.992178,3.00E-05,10834,0.035337,0.035337,0.980548,327653,0.993324
478,785,2,0.947548,0.972323,1.70E-05,3740,0.034052,0.034052,0.988824,304281,0.957154
479,823,2,0.990465,0.995187,4.20E-05,18007,0.035474,0.035474,0.976101,330169,0.997176
480,822,2,0.989286,0.994585,3.80E-05,14247,0.035454,0.035454,0.977412,329809,0.996621
481,816,2,0.98227,0.990975,3.30E-05,12355,0.035245,0.035245,0.980251,325953,0.990726
482,824,2,0.991647,0.995788,5.20E-05,18869,0.035479,0.035479,0.974026,330269,0.997343
483,823,2,0.990465,0.995187,4.40E-05,18879,0.035467,0.035467,0.975749,330050,0.997001
484,820,2,0.986936,0.993381,4.10E-05,14972,0.035359,0.035359,0.976965,328055,0.993957
485,826,2,0.994019,0.996992,5.90E-05,33266,0.03552,0.03552,0.97154,331028,0.998514
486,817,2,0.983432,0.991576,2.90E-05,11633,0.035311,0.035311,0.981517,327175,0.99258
487,819,2,0.985765,0.99278,4.20E-05,14711,0.035309,0.035309,0.976607,327135,0.992555
488,817,2,0.983432,0.991576,3.40E-05,9855,0.035282,0.035282,0.979912,326640,0.991781
489,806,2,0.970794,0.984958,2.50E-05,5972,0.034876,0.034876,0.98382,319166,0.98034
490,824,2,0.991647,0.995788,7.90E-05,13250,0.035468,0.035468,0.973413,330061,0.997023
491,811,2,0.976498,0.987966,2.70E-05,6818,0.03508,0.03508,0.983161,322924,0.986095
492,805,2,0.969662,0.984356,1.90E-05,8261,0.034883,0.034883,0.986777,319331,0.980534
493,814,2,0.979953,0.989771,3.10E-05,12864,0.035177,0.035177,0.981314,324708,0.988825
494,793,2,0.956272,0.977136,1.20E-05,5398,0.034434,0.034434,0.990854,311156,0.967887
495,822,2,0.989286,0.994585,4.70E-05,14354,0.035412,0.035412,0.975124,329037,0.995459
496,789,2,0.95189,0.974729,1.50E-05,4105,0.034235,0.034235,0.989153,307494,0.96232
497,822,2,0.989286,0.994585,6.40E-05,20510,0.035395,0.035395,0.974196,328724,0.994992
498,829,2,0.997599,0.998797,8.50E-05,39872,0.035566,0.035566,0.966967,331869,0.999816
499,802,2,0.966279,0.982551,2.30E-05,11320,0.034739,0.034739,0.985984,316699,0.976478
500,818,2,0.984597,0.992178,3.70E-05,13210,0.0353,0.0353,0.978501,326969,0.992294
501,812,2,0.977647,0.988568,0.000112,4543,0.035058,0.035058,0.979466,322505,0.985477
502,828,2,0.996403,0.998195,7.70E-05,20116,0.035554,0.035554,0.968652,331645,0.999465
503,829,2,0.997599,0.998797,8.50E-05,35357,0.035566,0.035566,0.966967,331869,0.999816
504,776,2,0.937923,0.966907,1.90E-05,3347,0.033643,0.033643,0.987376,296904,0.945689
505,813,2,0.978799,0.98917,3.20E-05,11339,0.035133,0.035133,0.981253,323890,0.987568
506,814,2,0.979953,0.989771,3.40E-05,9815,0.035157,0.035157,0.980148,324322,0.988256
507,813,2,0.978799,0.98917,2.40E-05,7807,0.035174,0.035174,0.983574,324656,0.988735
508,821,2,0.988109,0.993983,4.30E-05,16264,0.0354,0.0354,0.976825,328809,0.995095
509,827,2,0.99521,0.997593,7.80E-05,21901,0.035522,0.035522,0.969305,331067,0.998583
510,796,2,0.959584,0.978941,2.00E-05,4604,0.034499,0.034499,0.986947,312280,0.969736
511,820,2,0.986936,0.993381,3.30E-05,15703,0.035397,0.035397,0.979073,328763,0.99502
512,676,2,0.842799,0.906739,4.00E-06,1473,0.029489,0.029489,0.996787,227417,0.828898
513,809,2,0.974209,0.986763,3.30E-05,12472,0.034958,0.034958,0.981143,320673,0.982663
514,820,2,0.986936,0.993381,4.20E-05,14205,0.035353,0.035353,0.976622,327940,0.993786
515,801,2,0.965157,0.981949,1.60E-05,7166,0.034744,0.034744,0.988645,316762,0.976606
516,828,2,0.996403,0.998195,9.80E-05,22553,0.035546,0.035546,0.968228,331500,0.999247
517,828,2,0.996403,0.998195,6.60E-05,31109,0.03556,0.03556,0.96897,331754,0.999631
518,820,2,0.986936,0.993381,3.60E-05,14504,0.035383,0.035383,0.978272,328494,0.994618
519,794,2,0.957373,0.977738,1.80E-05,5581,0.03444,0.03444,0.988692,311261,0.968064
520,811,2,0.976498,0.987966,2.40E-05,5649,0.035091,0.035091,0.983751,323118,0.986385
521,800,2,0.964037,0.981348,2.00E-05,7282,0.034664,0.034664,0.986721,315356,0.974388
522,805,2,0.969662,0.984356,3.30E-05,13031,0.034794,0.034794,0.981781,317714,0.978056
523,787,2,0.949714,0.973526,1.30E-05,7684,0.034165,0.034165,0.990035,306209,0.960344
524,819,2,0.985765,0.99278,3.40E-05,16050,0.035356,0.035356,0.979168,327993,0.993845
525,807,2,0.97193,0.98556,3.10E-05,10308,0.034884,0.034884,0.981902,319335,0.980587
526,791,2,0.954076,0.975933,2.00E-05,9610,0.034296,0.034296,0.987879,308658,0.964036
527,826,2,0.994019,0.996992,5.80E-05,28939,0.035523,0.035523,0.971666,331071,0.998577
528,805,2,0.969662,0.984356,3.50E-05,11135,0.034863,0.034863,0.985547,318933,0.979975
529,800,2,0.964037,0.981348,2.30E-05,7075,0.034654,0.034654,0.986004,315127,0.974095
530,825,2,0.992832,0.99639,4.90E-05,26525,0.035513,0.035513,0.973522,330900,0.998302
531,812,2,0.977647,0.988568,3.30E-05,12248,0.035083,0.035083,0.980891,322974,0.986182
532,824,2,0.991647,0.995788,5.20E-05,22181,0.035477,0.035477,0.973903,330227,0.997278
533,822,2,0.989286,0.994585,4.50E-05,25878,0.035427,0.035427,0.975921,329306,0.995862
534,808,2,0.973068,0.986161,2.50E-05,9135,0.034984,0.034984,0.985056,321156,0.983373
535,826,2,0.994019,0.996992,5.90E-05,25363,0.035519,0.035519,0.971458,331000,0.998469
536,820,2,0.986936,0.993381,3.40E-05,16427,0.035396,0.035396,0.979002,328739,0.994982
537,827,2,0.99521,0.997593,7.20E-05,30626,0.035536,0.035536,0.970069,331328,0.998974
538,823,2,0.990465,0.995187,4.40E-05,24218,0.035467,0.035467,0.975761,330054,0.997005
539,827,2,0.99521,0.997593,7.60E-05,28057,0.035529,0.035529,0.969656,331187,0.998762
540,695,2,0.859359,0.918171,4.00E-06,1410,0.030258,0.030258,0.995804,240153,0.85052
541,829,2,0.997599,0.998797,0.000168,23884,0.035532,0.035532,0.965175,331254,0.998886
542,825,2,0.992832,0.99639,6.40E-05,16931,0.035498,0.035498,0.97268,330614,0.997874
543,814,2,0.979953,0.989771,3.40E-05,11862,0.035172,0.035172,0.981027,324613,0.988686
544,823,2,0.990465,0.995187,5.50E-05,14388,0.035422,0.035422,0.973254,329206,0.99573
545,737,2,0.898378,0.943442,1.10E-05,2567,0.032016,0.032016,0.990919,268753,0.899945
546,678,2,0.844512,0.907942,8.60E-05,2033,0.029354,0.029354,0.985033,226068,0.825176
547,818,2,0.984597,0.992178,3.10E-05,8386,0.035329,0.035329,0.980117,327509,0.993105
548,820,2,0.986936,0.993381,3.70E-05,11786,0.035378,0.035378,0.978037,328415,0.994491
549,824,2,0.991647,0.995788,5.40E-05,28785,0.035471,0.035471,0.973578,330117,0.99711
550,824,2,0.991647,0.995788,4.90E-05,16064,0.035486,0.035486,0.974407,330398,0.997535
551,827,2,0.99521,0.997593,6.20E-05,35457,0.035542,0.035542,0.970373,331432,0.999131
552,818,2,0.984597,0.992178,3.60E-05,12401,0.035307,0.035307,0.978902,327103,0.992493
553,778,2,0.940045,0.968111,1.10E-05,6587,0.033802,0.033802,0.99151,299687,0.950133
554,807,2,0.97193,0.98556,2.90E-05,7891,0.034881,0.034881,0.981692,319267,0.980497
555,828,2,0.996403,0.998195,6.60E-05,30782,0.03556,0.03556,0.96897,331754,0.999631
556,828,2,0.996403,0.998195,8.00E-05,25595,0.035549,0.035549,0.96838,331552,0.999325
557,826,2,0.994019,0.996992,5.90E-05,24879,0.03552,0.03552,0.97154,331028,0.998514
558,816,2,0.98227,0.990975,3.80E-05,18846,0.035223,0.035223,0.979069,325560,0.990126
559,819,2,0.985765,0.99278,3.70E-05,15256,0.035348,0.035348,0.978753,327854,0.993636
560,820,2,0.986936,0.993381,3.80E-05,12106,0.035376,0.035376,0.977876,328361,0.994415
561,786,2,0.94863,0.972924,3.70E-05,6963,0.03405,0.03405,0.986162,304236,0.957134
562,824,2,0.991647,0.995788,4.90E-05,19200,0.035486,0.035486,0.974407,330398,0.997535
563,827,2,0.99521,0.997593,7.80E-05,30161,0.035523,0.035523,0.969331,331076,0.998595
564,828,2,0.996403,0.998195,8.10E-05,34989,0.035546,0.035546,0.968266,331513,0.999266
565,822,2,0.989286,0.994585,4.30E-05,25311,0.035443,0.035443,0.97678,329596,0.996302
566,720,2,0.882166,0.933213,9.00E-05,2465,0.031167,0.031167,0.984902,254932,0.876109
567,812,2,0.977647,0.988568,3.10E-05,8423,0.035091,0.035091,0.981331,323119,0.986408
568,818,2,0.984597,0.992178,3.60E-05,16271,0.035304,0.035304,0.978683,327030,0.992389
569,819,2,0.985765,0.99278,4.30E-05,19170,0.035335,0.035335,0.978034,327613,0.993276
570,826,2,0.994019,0.996992,5.80E-05,31079,0.035523,0.035523,0.971681,331076,0.99858
571,816,2,0.98227,0.990975,3.40E-05,14097,0.035242,0.035242,0.980088,325899,0.990651
572,829,2,0.997599,0.998797,8.50E-05,32811,0.035566,0.035566,0.966967,331869,0.999816
573,822,2,0.989286,0.994585,4.40E-05,20570,0.035424,0.035424,0.97574,329245,0.995774
574,811,2,0.976498,0.987966,3.20E-05,11623,0.035053,0.035053,0.981602,322412,0.985327
575,831,1,1,1,0.000176,45236,0.035571,0.035571,0.962623,331975,1
576,827,2,0.99521,0.997593,7.60E-05,30967,0.035529,0.035529,0.96965,331185,0.998763
577,794,2,0.957373,0.977738,1.40E-05,6523,0.034454,0.034454,0.989518,311521,0.968464
578,828,2,0.996403,0.998195,8.20E-05,34491,0.035542,0.035542,0.968029,331432,0.999146
579,812,2,0.977647,0.988568,2.60E-05,8657,0.035124,0.035124,0.983181,323728,0.987323
580,797,2,0.960694,0.979543,2.90E-05,7389,0.034484,0.034484,0.983664,312024,0.969327
581,790,2,0.952982,0.975331,1.40E-05,4649,0.034287,0.034287,0.989633,308424,0.963771
582,808,2,0.973068,0.986161,2.00E-05,5033,0.034993,0.034993,0.985517,321306,0.983613
583,750,2,0.911184,0.951264,4.00E-06,1900,0.03268,0.03268,0.99692,280010,0.918569
584,816,2,0.98227,0.990975,3.00E-05,7965,0.035265,0.035265,0.981348,326318,0.991278
585,813,2,0.978799,0.98917,3.20E-05,14139,0.035134,0.035134,0.981341,323919,0.987606
586,821,2,0.988109,0.993983,3.50E-05,20547,0.035431,0.035431,0.978524,329381,0.995963
587,813,2,0.978799,0.98917,3.20E-05,9422,0.03513,0.03513,0.981123,323847,0.987501
588,783,2,0.945392,0.971119,2.00E-05,4204,0.033936,0.033936,0.986833,302122,0.953927
589,812,2,0.977647,0.988568,3.70E-05,11212,0.035046,0.035046,0.978759,322272,0.985138
590,827,2,0.99521,0.997593,5.90E-05,34605,0.035547,0.035547,0.97066,331530,0.999279
591,825,2,0.992832,0.99639,5.30E-05,16834,0.035505,0.035505,0.97308,330750,0.998077
592,822,2,0.989286,0.994585,4.30E-05,20753,0.035435,0.035435,0.976339,329447,0.996079
593,824,2,0.991647,0.995788,5.30E-05,14274,0.035474,0.035474,0.973732,330169,0.997192
594,823,2,0.990465,0.995187,5.20E-05,17151,0.03544,0.03544,0.97428,329553,0.99625
595,820,2,0.986936,0.993381,3.70E-05,16164,0.035382,0.035382,0.978269,328493,0.994608
596,759,2,0.920266,0.956679,1.00E-05,2116,0.032976,0.032976,0.991681,285268,0.926921
597,828,2,0.996403,0.998195,6.60E-05,33336,0.03556,0.03556,0.96897,331754,0.999631
598,807,2,0.97193,0.98556,2.70E-05,6825,0.034916,0.034916,0.983666,319909,0.981473
599,809,2,0.974209,0.986763,3.70E-05,7742,0.034936,0.034936,0.97988,320260,0.982041
600,824,2,0.991647,0.995788,5.90E-05,18842,0.035446,0.035446,0.972216,329655,0.996421
601,821,2,0.988109,0.993983,3.80E-05,13485,0.035415,0.035415,0.977674,329095,0.995531
602,822,2,0.989286,0.994585,4.30E-05,17728,0.035433,0.035433,0.976244,329415,0.99603
603,817,2,0.983432,0.991576,3.10E-05,9375,0.035293,0.035293,0.980503,326837,0.99208
604,822,2,0.989286,0.994585,4.20E-05,15598,0.035435,0.035435,0.976354,329452,0.996086
605,816,2,0.98227,0.990975,5.10E-05,7453,0.035157,0.035157,0.975367,324329,0.988285
606,828,2,0.996403,0.998195,0.000112,23748,0.035532,0.035532,0.967498,331250,0.99887
607,821,2,0.988109,0.993983,3.40E-05,17315,0.035433,0.035433,0.978625,329415,0.996014
608,719,2,0.88123,0.932611,9.50E-05,2006,0.031095,0.031095,0.982911,253710,0.874094
609,819,2,0.985765,0.99278,3.60E-05,11817,0.035344,0.035344,0.978553,327787,0.993533
610,824,2,0.991647,0.995788,4.50E-05,20852,0.035494,0.035494,0.974823,330539,0.997748
611,818,2,0.984597,0.992178,3.40E-05,24233,0.035318,0.035318,0.979473,327294,0.992778
612,782,2,0.944318,0.970517,1.70E-05,3508,0.033921,0.033921,0.988466,301849,0.953482
613,828,2,0.996403,0.998195,8.20E-05,37197,0.035542,0.035542,0.968029,331432,0.999146
614,824,2,0.991647,0.995788,5.10E-05,28456,0.035472,0.035472,0.973628,330134,0.997138
615,828,2,0.996403,0.998195,6.60E-05,32721,0.03556,0.03556,0.96897,331754,0.999631
616,827,2,0.99521,0.997593,7.20E-05,29706,0.035537,0.035537,0.970081,331332,0.998978
617,770,2,0.931614,0.963297,9.00E-06,5654,0.033489,0.033489,0.993677,294193,0.941332
618,827,2,0.99521,0.997593,7.80E-05,28681,0.035522,0.035522,0.969305,331067,0.998583
619,605,2,0.786187,0.864019,3.00E-06,907,0.026361,0.026361,0.99734,182224,0.740979
620,818,2,0.984597,0.992178,3.90E-05,11866,0.035288,0.035288,0.977822,326742,0.991956
621,818,2,0.984597,0.992178,3.10E-05,9334,0.035329,0.035329,0.980117,327509,0.993105
622,826,2,0.994019,0.996992,5.40E-05,18590,0.03553,0.03553,0.972083,331213,0.998788
623,817,2,0.983432,0.991576,3.80E-05,9837,0.035253,0.035253,0.978259,326089,0.990958
624,823,2,0.990465,0.995187,4.60E-05,18861,0.035466,0.035466,0.975699,330033,0.996973
625,802,2,0.966279,0.982551,2.40E-05,3404,0.034733,0.034733,0.985523,316551,0.97632
626,728,2,0.889722,0.938026,5.00E-06,2558,0.031715,0.031715,0.995326,263391,0.891456
627,820,2,0.986936,0.993381,3.70E-05,17078,0.03539,0.03539,0.978674,328629,0.994813
628,792,2,0.955172,0.976534,1.30E-05,5967,0.034382,0.034382,0.990273,310189,0.966436
629,826,2,0.994019,0.996992,7.90E-05,19107,0.035483,0.035483,0.969524,330341,0.997477
630,757,2,0.918232,0.955475,2.00E-05,2478,0.032835,0.032835,0.988209,282772,0.922974
631,818,2,0.984597,0.992178,2.70E-05,15879,0.035355,0.035355,0.981556,327990,0.993822
632,826,2,0.994019,0.996992,5.90E-05,24587,0.03552,0.03552,0.97154,331028,0.998514
633,824,2,0.991647,0.995788,5.30E-05,14177,0.035468,0.035468,0.973425,330065,0.997039
634,810,2,0.975352,0.987365,3.10E-05,10729,0.035018,0.035018,0.982054,321765,0.984332
635,824,2,0.991647,0.995788,5.00E-05,14624,0.035471,0.035471,0.973596,330123,0.99712
636,695,2,0.859359,0.918171,4.00E-06,1410,0.030258,0.030258,0.995804,240153,0.85052
637,816,2,0.98227,0.990975,3.00E-05,12441,0.035267,0.035267,0.981517,326374,0.991357
638,824,2,0.991647,0.995788,4.80E-05,20329,0.035481,0.035481,0.97415,330311,0.997406
639,823,2,0.990465,0.995187,4.10E-05,23360,0.035476,0.035476,0.976257,330222,0.997251
640,782,2,0.944318,0.970517,8.00E-06,4640,0.034008,0.034008,0.993706,303449,0.955897
641,828,2,0.996403,0.998195,8.10E-05,33493,0.035546,0.035546,0.968266,331513,0.999266
642,819,2,0.985765,0.99278,3.80E-05,16335,0.035341,0.035341,0.978362,327723,0.993441
643,784,2,0.946469,0.971721,1.40E-05,5768,0.034043,0.034043,0.990711,304085,0.956903
644,807,2,0.97193,0.98556,2.60E-05,7449,0.034923,0.034923,0.984069,320040,0.98167
645,817,2,0.983432,0.991576,3.40E-05,10507,0.035283,0.035283,0.979936,326648,0.991795
646,821,2,0.988109,0.993983,4.70E-05,12443,0.035386,0.035386,0.976082,328559,0.994729
647,578,2,0.766605,0.847774,1.00E-06,1118,0.025268,0.025268,0.999202,166620,0.710244
648,821,2,0.988109,0.993983,4.40E-05,20093,0.035391,0.035391,0.976323,328640,0.994851
649,826,2,0.994019,0.996992,6.10E-05,13705,0.035511,0.035511,0.971026,330853,0.998247
650,828,2,0.996403,0.998195,8.00E-05,36797,0.035549,0.035549,0.96838,331552,0.999325
651,822,2,0.989286,0.994585,4.30E-05,18478,0.035443,0.035443,0.97678,329596,0.996302
652,547,2,0.745291,0.829122,2.00E-06,1085,0.023886,0.023886,0.997931,149022,0.671416
653,822,2,0.989286,0.994585,4.40E-05,25267,0.035429,0.035429,0.976022,329340,0.995913
654,820,2,0.986936,0.993381,3.80E-05,18187,0.035384,0.035384,0.978347,328519,0.99465
655,814,2,0.979953,0.989771,3.10E-05,9379,0.035187,0.035187,0.981879,324895,0.989107
656,811,2,0.976498,0.987966,3.00E-05,7266,0.035049,0.035049,0.981437,322358,0.985234
657,820,2,0.986936,0.993381,3.60E-05,20254,0.035392,0.035392,0.978802,328672,0.994876
658,825,2,0.992832,0.99639,5.20E-05,15011,0.035501,0.035501,0.972848,330671,0.997958
659,827,2,0.99521,0.997593,6.40E-05,33568,0.035536,0.035536,0.970037,331317,0.99896
660,820,2,0.986936,0.993381,3.80E-05,11786,0.035377,0.035377,0.977945,328384,0.994446
661,819,2,0.985765,0.99278,3.20E-05,10340,0.035361,0.035361,0.979458,328090,0.993995
662,792,2,0.955172,0.976534,1.50E-05,6230,0.034368,0.034368,0.989494,309945,0.966038
663,802,2,0.966279,0.982551,2.30E-05,11658,0.034739,0.034739,0.985984,316699,0.976478
664,825,2,0.992832,0.99639,5.40E-05,19675,0.035503,0.035503,0.97298,330716,0.998026
665,807,2,0.97193,0.98556,4.40E-05,11044,0.034838,0.034838,0.97926,318476,0.9793
666,819,2,0.985765,0.99278,3.20E-05,17732,0.035373,0.035373,0.980121,328312,0.994322
667,822,2,0.989286,0.994585,3.70E-05,17366,0.035456,0.035456,0.977554,329857,0.996688
668,731,2,0.892589,0.939832,5.00E-06,1789,0.031829,0.031829,0.995285,265557,0.894655
669,817,2,0.983432,0.991576,4.40E-05,12801,0.03525,0.03525,0.978109,326039,0.990879
670,825,2,0.992832,0.99639,0.000132,25051,0.035477,0.035477,0.971553,330231,0.997296
671,824,2,0.991647,0.995788,4.90E-05,17959,0.03548,0.03548,0.974109,330297,0.997382
672,754,2,0.915198,0.95367,7.00E-06,3695,0.032836,0.032836,0.995921,282723,0.922952
673,823,2,0.990465,0.995187,4.10E-05,20739,0.035476,0.035476,0.976257,330222,0.997251
674,826,2,0.994019,0.996992,5.80E-05,18770,0.035523,0.035523,0.971696,331081,0.998589
675,830,2,0.998798,0.999398,0.000121,40544,0.035569,0.035569,0.96482,331932,0.999924
676,822,2,0.989286,0.994585,4.50E-05,24049,0.035423,0.035423,0.975708,329234,0.995755
677,827,2,0.99521,0.997593,6.20E-05,27901,0.035542,0.035542,0.970373,331432,0.999131
678,826,2,0.994019,0.996992,5.40E-05,31240,0.03553,0.03553,0.972095,331217,0.998793
679,757,2,0.918232,0.955475,5.00E-06,1747,0.032965,0.032965,0.995726,284923,0.926585
680,813,2,0.978799,0.98917,3.70E-05,12253,0.035124,0.035124,0.980771,323731,0.987343
681,792,2,0.955172,0.976534,1.40E-05,5504,0.034375,0.034375,0.989896,310071,0.966249
682,827,2,0.99521,0.997593,6.40E-05,21159,0.035536,0.035536,0.970037,331317,0.99896
683,823,2,0.990465,0.995187,6.10E-05,21064,0.035436,0.035436,0.974055,329477,0.996133
684,813,2,0.978799,0.98917,2.70E-05,10414,0.035156,0.035156,0.982534,324313,0.98821
685,825,2,0.992832,0.99639,7.10E-05,13892,0.035478,0.035478,0.971606,330249,0.997321
686,817,2,0.983432,0.991576,2.80E-05,10632,0.035308,0.035308,0.981358,327122,0.992511
687,828,2,0.996403,0.998195,8.10E-05,28966,0.035546,0.035546,0.968266,331513,0.999266
688,825,2,0.992832,0.99639,5.40E-05,20839,0.035501,0.035501,0.972868,330678,0.997969
689,828,2,0.996403,0.998195,6.60E-05,32945,0.03556,0.03556,0.96897,331754,0.999631
690,831,1,1,1,0.000176,37496,0.035571,0.035571,0.962623,331975,1
691,827,2,0.99521,0.997593,6.40E-05,29422,0.035536,0.035536,0.970037,331317,0.99896
692,779,2,0.94111,0.968712,1.30E-05,4184,0.033848,0.033848,0.992073,300629,0.951416
693,827,2,0.99521,0.997593,6.30E-05,27353,0.03554,0.03554,0.970259,331393,0.999077
694,824,2,0.991647,0.995788,5.20E-05,20552,0.035479,0.035479,0.974041,330274,0.997352
695,823,2,0.990465,0.995187,4.90E-05,13160,0.035434,0.035434,0.973916,329430,0.996071
696,796,2,0.959584,0.978941,1.80E-05,6518,0.034499,0.034499,0.987134,312339,0.969745
697,736,2,0.897408,0.94284,1.00E-06,1947,0.032108,0.032108,0.999246,270276,0.902487
698,794,2,0.957373,0.977738,2.20E-05,4670,0.034386,0.034386,0.985436,310236,0.966573
699,823,2,0.990465,0.995187,0.000129,16055,0.035417,0.035417,0.973032,329131,0.995609
700,821,2,0.988109,0.993983,3.70E-05,21834,0.035418,0.035418,0.977835,329149,0.99561
701,800,2,0.964037,0.981348,4.10E-05,8089,0.03461,0.03461,0.98357,314349,0.972864
702,828,2,0.996403,0.998195,8.20E-05,28286,0.035542,0.035542,0.968029,331432,0.999146
703,643,2,0.815505,0.886883,1.20E-05,1470,0.02793,0.02793,0.991643,204678,0.785115
704,828,2,0.996403,0.998195,8.10E-05,36996,0.035546,0.035546,0.968266,331513,0.999266
705,819,2,0.985765,0.99278,3.80E-05,9601,0.03534,0.03534,0.978321,327709,0.993422
706,823,2,0.990465,0.995187,5.00E-05,13299,0.035439,0.035439,0.974232,329537,0.996228
707,824,2,0.991647,0.995788,4.60E-05,27694,0.035491,0.035491,0.974681,330491,0.997676
708,795,2,0.958478,0.978339,1.50E-05,5843,0.034494,0.034494,0.98937,312260,0.969591
709,785,2,0.947548,0.972323,1.60E-05,7619,0.034069,0.034069,0.989695,304549,0.957625
710,656,2,0.826044,0.894705,6.00E-06,1157,0.028567,0.028567,0.995234,213816,0.802987
711,788,2,0.950801,0.974128,1.10E-05,5551,0.034233,0.034233,0.991551,307458,0.962246
712,822,2,0.989286,0.994585,4.60E-05,16724,0.035419,0.035419,0.975503,329165,0.995645
713,822,2,0.989286,0.994585,4.30E-05,19420,0.03543,0.03543,0.976087,329362,0.995948
714,789,2,0.95189,0.974729,1.90E-05,3278,0.034218,0.034218,0.988304,307230,0.961837
715,806,2,0.970794,0.984958,2.20E-05,5903,0.0349,0.0349,0.985173,319605,0.981007
716,815,2,0.98111,0.990373,2.80E-05,7669,0.035225,0.035225,0.981517,325574,0.990152
717,830,2,0.998798,0.999398,0.000121,31363,0.035569,0.035569,0.96482,331932,0.999924
718,820,2,0.986936,0.993381,3.70E-05,11736,0.035379,0.035379,0.978093,328434,0.99452
719,825,2,0.992832,0.99639,5.30E-05,23287,0.035505,0.035505,0.97308,330750,0.998077
720,820,2,0.986936,0.993381,3.50E-05,19814,0.035396,0.035396,0.979026,328747,0.994993
721,822,2,0.989286,0.994585,4.60E-05,12625,0.035416,0.035416,0.975316,329102,0.995553
722,828,2,0.996403,0.998195,0.000108,21692,0.03554,0.03554,0.967921,331395,0.999086
723,827,2,0.99521,0.997593,6.30E-05,22302,0.03554,0.03554,0.970259,331393,0.999077
724,827,2,0.99521,0.997593,6.30E-05,36591,0.03554,0.03554,0.970247,331389,0.999068
725,829,2,0.997599,0.998797,8.50E-05,28643,0.035566,0.035566,0.966967,331869,0.999816
726,742,2,0.903261,0.94645,8.00E-06,3726,0.032279,0.032279,0.993696,273178,0.907323
727,827,2,0.99521,0.997593,7.60E-05,24463,0.035529,0.035529,0.969682,331196,0.998775
728,827,2,0.99521,0.997593,6.20E-05,28507,0.035542,0.035542,0.970373,331432,0.999131
729,799,2,0.96292,0.980746,2.20E-05,9831,0.034616,0.034616,0.986352,314450,0.973025
730,770,2,0.931614,0.963297,1.30E-05,3589,0.033446,0.033446,0.991191,293457,0.940112
731,826,2,0.994019,0.996992,6.80E-05,25157,0.035517,0.035517,0.971361,330967,0.998415
732,829,2,0.997599,0.998797,8.50E-05,28889,0.035566,0.035566,0.966967,331869,0.999816
733,812,2,0.977647,0.988568,2.60E-05,13479,0.035124,0.035124,0.98319,323731,0.987319
734,815,2,0.98111,0.990373,2.90E-05,5985,0.035221,0.035221,0.981321,325509,0.990054
735,823,2,0.990465,0.995187,4.50E-05,14568,0.035455,0.035455,0.975104,329832,0.996669
736,821,2,0.988109,0.993983,3.80E-05,17784,0.035414,0.035414,0.977579,329063,0.995486
737,813,2,0.978799,0.98917,2.50E-05,7492,0.035172,0.035172,0.983428,324608,0.988659
738,823,2,0.990465,0.995187,4.40E-05,17713,0.035467,0.035467,0.975749,330050,0.997001
739,807,2,0.97193,0.98556,2.10E-05,10065,0.034952,0.034952,0.985684,320565,0.98246
740,776,2,0.937923,0.966907,1.10E-05,3478,0.033723,0.033723,0.992218,298360,0.947906
741,744,2,0.905229,0.947653,2.00E-06,2671,0.032445,0.032445,0.998607,276011,0.911954
742,823,2,0.990465,0.995187,7.00E-05,15951,0.035403,0.035403,0.972228,328859,0.995209
743,785,2,0.947548,0.972323,7.30E-05,4908,0.033868,0.033868,0.978263,301031,0.952043
744,776,2,0.937923,0.966907,2.50E-05,3760,0.033594,0.033594,0.984929,296168,0.944306
745,700,2,0.863825,0.921179,2.20E-05,1280,0.030456,0.030456,0.992843,242899,0.85609
746,785,2,0.947548,0.972323,9.00E-06,7555,0.03412,0.03412,0.992727,305482,0.959067
747,820,2,0.986936,0.993381,3.30E-05,10425,0.035404,0.035404,0.979419,328879,0.995193
748,825,2,0.992832,0.99639,7.40E-05,24440,0.035461,0.035461,0.970694,329939,0.996861
749,815,2,0.98111,0.990373,2.90E-05,9244,0.03522,0.03522,0.981245,325484,0.990015
750,816,2,0.98227,0.990975,2.90E-05,11268,0.035275,0.035275,0.981944,326516,0.991573
751,823,2,0.990465,0.995187,7.10E-05,13090,0.035399,0.035399,0.972006,328784,0.995096
752,823,2,0.990465,0.995187,4.90E-05,11341,0.035451,0.035451,0.974871,329753,0.996553
753,825,2,0.992832,0.99639,5.40E-05,21120,0.035503,0.035503,0.97298,330716,0.998026
754,809,2,0.974209,0.986763,4.30E-05,12624,0.034883,0.034883,0.976894,319284,0.980573
755,807,2,0.97193,0.98556,3.40E-05,7926,0.034875,0.034875,0.981345,319154,0.980335
756,805,2,0.969662,0.984356,2.30E-05,6617,0.034854,0.034854,0.985047,318771,0.979734
757,802,2,0.966279,0.982551,1.50E-05,5792,0.034795,0.034795,0.989107,317702,0.978045
758,809,2,0.974209,0.986763,4.60E-05,11274,0.034959,0.034959,0.981266,320713,0.982701
759,809,2,0.974209,0.986763,3.10E-05,8804,0.034962,0.034962,0.98137,320747,0.982774
760,827,2,0.99521,0.997593,7.20E-05,29894,0.035537,0.035537,0.970081,331332,0.998978
761,820,2,0.986936,0.993381,4.70E-05,10673,0.035333,0.035333,0.975503,327564,0.993219
762,829,2,0.997599,0.998797,0.000153,32335,0.035548,0.035548,0.966,331537,0.999315
763,816,2,0.98227,0.990975,4.90E-05,9464,0.035213,0.035213,0.978479,325364,0.989848
764,828,2,0.996403,0.998195,6.60E-05,26743,0.03556,0.03556,0.96897,331754,0.999631
765,818,2,0.984597,0.992178,3.40E-05,14878,0.035325,0.035325,0.979892,327434,0.992989
766,827,2,0.99521,0.997593,9.60E-05,27190,0.03552,0.03552,0.969179,331024,0.998516
767,826,2,0.994019,0.996992,9.40E-05,26987,0.035492,0.035492,0.969985,330498,0.997714
768,821,2,0.988109,0.993983,4.30E-05,15536,0.035388,0.035388,0.976183,328593,0.994778
769,679,2,0.845371,0.908544,5.00E-06,2442,0.029579,0.029579,0.995703,229192,0.831412
770,823,2,0.990465,0.995187,4.40E-05,19894,0.035467,0.035467,0.975749,330050,0.997001
771,807,2,0.97193,0.98556,2.70E-05,6914,0.034922,0.034922,0.984042,320031,0.981649
772,805,2,0.969662,0.984356,2.00E-05,5019,0.034869,0.034869,0.98586,319034,0.980125
773,830,2,0.998798,0.999398,0.000157,26785,0.035565,0.035565,0.964611,331860,0.999814
774,820,2,0.986936,0.993381,3.70E-05,14160,0.035378,0.035378,0.978001,328403,0.994481
775,817,2,0.983432,0.991576,3.40E-05,13510,0.035282,0.035282,0.979894,326634,0.991774
776,822,2,0.989286,0.994585,4.10E-05,15229,0.035435,0.035435,0.976374,329459,0.996097
777,813,2,0.978799,0.98917,2.90E-05,9644,0.035154,0.035154,0.982456,324287,0.98817
778,818,2,0.984597,0.992178,2.70E-05,8734,0.035355,0.035355,0.981556,327990,0.993822
779,821,2,0.988109,0.993983,4.20E-05,11718,0.035398,0.035398,0.976706,328769,0.995046
780,821,2,0.988109,0.993983,4.20E-05,18905,0.035402,0.035402,0.976938,328847,0.995156
781,825,2,0.992832,0.99639,6.50E-05,33535,0.035446,0.035446,0.96985,329652,0.996435
782,825,2,0.992832,0.99639,5.00E-05,16763,0.035511,0.035511,0.973395,330857,0.998238
783,817,2,0.983432,0.991576,3.40E-05,19165,0.035278,0.035278,0.97969,326566,0.991662
784,821,2,0.988109,0.993983,4.40E-05,14686,0.035387,0.035387,0.976142,328579,0.994757
785,810,2,0.975352,0.987365,0.00011,11092,0.034983,0.034983,0.980155,321143,0.98336
786,822,2,0.989286,0.994585,4.30E-05,13899,0.035431,0.035431,0.97614,329380,0.995977
787,774,2,0.935811,0.965704,7.00E-06,4628,0.033672,0.033672,0.99399,297353,0.946469
788,827,2,0.99521,0.997593,7.70E-05,36278,0.035525,0.035525,0.969445,331115,0.998654
789,823,2,0.990465,0.995187,5.20E-05,21585,0.035434,0.035434,0.973946,329440,0.996087
790,815,2,0.98111,0.990373,2.40E-05,9245,0.035255,0.035255,0.98325,326149,0.991007
791,804,2,0.968531,0.983755,2.10E-05,6311,0.034834,0.034834,0.986394,318414,0.979147
792,828,2,0.996403,0.998195,8.40E-05,38268,0.035528,0.035528,0.967264,331170,0.998755
793,708,2,0.871069,0.925993,8.20E-05,2298,0.030753,0.030753,0.989492,247648,0.864453
794,816,2,0.98227,0.990975,3.50E-05,7023,0.035233,0.035233,0.979571,325727,0.990399
795,790,2,0.952982,0.975331,1.20E-05,9051,0.034312,0.034312,0.991356,308961,0.964461
796,785,2,0.947548,0.972323,1.90E-05,5292,0.034041,0.034041,0.988145,304072,0.956869
797,800,2,0.964037,0.981348,2.40E-05,8336,0.034656,0.034656,0.986126,315166,0.974152
798,814,2,0.979953,0.989771,2.60E-05,12006,0.035208,0.035208,0.98304,325279,0.989687
799,719,2,0.88123,0.932611,2.70E-05,1801,0.031191,0.031191,0.988943,255267,0.876765
800,638,2,0.811523,0.883875,5.00E-06,1792,0.027818,0.027818,0.995473,202283,0.781941
801,825,2,0.992832,0.99639,4.90E-05,22546,0.035513,0.035513,0.973507,330895,0.998293
802,821,2,0.988109,0.993983,4.40E-05,12626,0.035404,0.035404,0.977054,328886,0.995218
803,826,2,0.994019,0.996992,5.80E-05,35201,0.035523,0.035523,0.971669,331072,0.998577
804,818,2,0.984597,0.992178,0.000119,17147,0.035259,0.035259,0.976206,326202,0.991135
805,820,2,0.986936,0.993381,3.50E-05,12277,0.035393,0.035393,0.978838,328684,0.994898
806,753,2,0.914191,0.953069,8.00E-06,3037,0.03275,0.03275,0.993222,281209,0.920556
807,825,2,0.992832,0.99639,5.70E-05,28367,0.035485,0.035485,0.971989,330379,0.997525
808,820,2,0.986936,0.993381,4.70E-05,15036,0.035344,0.035344,0.976107,327767,0.993523
809,828,2,0.996403,0.998195,6.60E-05,29314,0.03556,0.03556,0.96897,331754,0.999631
810,824,2,0.991647,0.995788,5.20E-05,19581,0.035467,0.035467,0.973372,330047,0.997008
811,804,2,0.968531,0.983755,2.60E-05,11596,0.034799,0.034799,0.984511,317806,0.978177
812,821,2,0.988109,0.993983,3.70E-05,10085,0.035421,0.035421,0.977975,329196,0.995682
813,807,2,0.97193,0.98556,2.00E-05,8239,0.034964,0.034964,0.986406,320800,0.982819
814,774,2,0.935811,0.965704,2.80E-05,2851,0.033516,0.033516,0.985128,294702,0.942134
815,318,2,0.618304,0.691336,0,408,0.013901,0.013901,0.998234,50314,0.390749
816,711,2,0.873817,0.927798,4.00E-06,1959,0.030985,0.030985,0.99622,251451,0.870942
817,753,2,0.914191,0.953069,1.70E-05,3088,0.032647,0.032647,0.988083,279754,0.9177
818,808,2,0.973068,0.986161,3.10E-05,9410,0.034949,0.034949,0.983081,320512,0.982391
819,809,2,0.974209,0.986763,3.60E-05,7159,0.034928,0.034928,0.979497,320135,0.981844
820,738,2,0.899351,0.944043,1.70E-05,3438,0.03202,0.03202,0.988447,268811,0.900048
821,829,2,0.997599,0.998797,0.000153,32638,0.035546,0.035546,0.965889,331499,0.999261
822,820,2,0.986936,0.993381,3.90E-05,18038,0.035374,0.035374,0.977772,328326,0.994361
823,822,2,0.989286,0.994585,3.70E-05,16985,0.035457,0.035457,0.977566,329861,0.996697
824,788,2,0.950801,0.974128,1.00E-05,6641,0.034239,0.034239,0.992131,307638,0.962409
825,822,2,0.989286,0.994585,4.50E-05,15702,0.035423,0.035423,0.975699,329231,0.995749
826,827,2,0.99521,0.997593,6.30E-05,25638,0.03554,0.03554,0.970274,331398,0.99908
827,65,2,0.520351,0.53911,2.00E-06,72,0.002748,0.002748,0.975,2028,0.077268
828,827,2,0.99521,0.997593,6.20E-05,24413,0.035542,0.035542,0.970388,331437,0.99914
829,814,2,0.979953,0.989771,3.20E-05,11894,0.035173,0.035173,0.981078,324630,0.988711
830,820,2,0.986936,0.993381,3.40E-05,15237,0.035396,0.035396,0.979002,328739,0.99498
831,821,2,0.988109,0.993983,4.00E-05,13023,0.0354,0.0354,0.976834,328812,0.995106