Id,Label,timeset,clustering,triangles,Degree,Weighted Degree,Eccentricity,closnesscentrality,harmonicclosnesscentrality,betweenesscentrality,Authority,Hub,modularity_class,pageranks,componentnumber,eigencentrality
0,,,0.972771,330645,825,18145,2,0.992832,0.99639,21.926982,0.035499,0.035499,8,0.001377,0,0.997963
1,,,0.972154,330435,825,26623,2,0.992832,0.99639,20.070224,0.035488,0.035488,3,0.001922,0,0.997652
2,,,0.98773,314101,798,8668,2,0.961806,0.980144,6.081154,0.034595,0.034595,6,0.000756,0,0.972531
3,,,0.983152,324517,813,11655,2,0.978799,0.98917,9.136372,0.035167,0.035167,8,0.000949,0,0.988623
4,,,0.974446,325614,818,17015,2,0.984597,0.992178,21.961516,0.035227,0.035227,4,0.001283,0,0.990307
5,,,0.96965,331185,827,30417,2,0.99521,0.997593,26.281997,0.035529,0.035529,4,0.002164,0,0.998796
6,,,0.991132,303438,783,3965,2,0.945392,0.971119,4.52394,0.034007,0.034007,6,0.000447,0,0.955993
7,,,0.971138,330891,826,22782,2,0.994019,0.996992,23.915503,0.035513,0.035513,2,0.001672,0,0.998343
8,,,0.989421,303689,784,3784,2,0.946469,0.971721,6.577457,0.034023,0.034023,8,0.000432,0,0.956451
9,,,0.976208,323813,815,9122,2,0.98111,0.990373,20.932633,0.035129,0.035129,2,0.000782,0,0.98756
10,,,0.972951,330706,825,24217,2,0.992832,0.99639,18.717104,0.035503,0.035503,3,0.001762,0,0.998063
11,,,0.966967,331869,829,28835,2,0.997599,0.998797,29.216735,0.035566,0.035566,4,0.002065,0,0.999837
12,,,0.971352,329362,824,11541,2,0.991647,0.995788,45.970584,0.03543,0.03543,6,0.000954,0,0.996011
13,,,0.974823,330539,824,28630,2,0.991647,0.995788,15.631984,0.035493,0.035493,4,0.002042,0,0.997799
14,,,0.977783,327529,819,15904,2,0.985765,0.99278,13.865238,0.035331,0.035331,8,0.00123,0,0.993225
15,,,0.974681,330491,824,22224,2,0.991647,0.995788,15.945445,0.035491,0.035491,8,0.00164,0,0.997733
16,,,0.982,327336,817,12001,2,0.983432,0.991576,9.335062,0.03532,0.03532,2,0.000975,0,0.992913
17,,,0.974661,329682,823,17117,2,0.990465,0.995187,16.179189,0.035447,0.035447,8,0.001311,0,0.996501
18,,,0.978652,329424,821,19527,2,0.988109,0.993983,11.815383,0.035433,0.035433,6,0.001461,0,0.996101
19,,,0.982272,325025,814,15872,2,0.979953,0.989771,9.603426,0.035194,0.035194,6,0.001222,0,0.98939
20,,,0.968114,331461,828,33985,2,0.996403,0.998195,33.952236,0.035544,0.035544,4,0.002402,0,0.999213
21,,,0.98339,325395,814,11413,2,0.979953,0.989771,8.307912,0.035215,0.035215,8,0.000939,0,0.989956
22,,,0.983852,312868,798,6249,2,0.961806,0.980144,8.948299,0.03453,0.03453,2,0.000597,0,0.970712
23,,,0.998518,66696,366,475,2,0.641204,0.720217,0.14755,0.015985,0.015985,2,0.000212,0,0.449389
24,,,0.968266,331513,828,37879,2,0.996403,0.998195,27.850351,0.035546,0.035546,4,0.002632,0,0.999292
25,,,0.970081,331332,827,37735,2,0.99521,0.997593,24.814248,0.035537,0.035537,4,0.002631,0,0.999014
26,,,0.980033,325082,815,8399,2,0.98111,0.990373,13.158127,0.035198,0.035198,6,0.000739,0,0.989489
27,,,0.990823,314295,797,3633,2,0.960694,0.979543,4.117906,0.034609,0.034609,8,0.000428,0,0.972932
28,,,0.969856,329654,825,17357,2,0.992832,0.99639,26.574448,0.035446,0.035446,6,0.001317,0,0.996464
29,,,0.977778,328328,820,16494,2,0.986936,0.993381,13.499867,0.035374,0.035374,8,0.001266,0,0.994433
30,,,0.976852,329620,822,23021,2,0.989286,0.994585,13.875422,0.035444,0.035444,8,0.00169,0,0.996405
31,,,0.976126,325378,817,12800,2,0.983432,0.991576,15.459748,0.035214,0.035214,8,0.001024,0,0.989943
32,,,0.99117,290408,766,2906,2,0.927455,0.96089,3.853655,0.033274,0.033274,8,0.000375,0,0.935394
33,,,0.96482,331932,830,28107,2,0.998798,0.999398,41.690315,0.035569,0.035569,4,0.002014,0,0.999934
34,,,0.966967,331869,829,37716,2,0.997599,0.998797,29.216735,0.035566,0.035566,4,0.002614,0,0.999837
35,,,0.96897,331754,828,42165,2,0.996403,0.998195,22.928373,0.03556,0.03556,4,0.002913,0,0.999661
36,,,0.978114,328441,820,13825,2,0.986936,0.993381,12.878868,0.03538,0.03538,8,0.001097,0,0.994611
37,,,0.980752,324522,814,10094,2,0.979953,0.989771,11.143775,0.035167,0.035167,8,0.000854,0,0.988625
38,,,0.978735,323059,813,10537,2,0.978799,0.98917,14.664993,0.035088,0.035088,8,0.000877,0,0.9864
39,,,0.980159,321938,811,9039,2,0.976498,0.987966,12.246168,0.035027,0.035027,8,0.000783,0,0.984675
40,,,0.973366,330847,825,21103,2,0.992832,0.99639,17.300067,0.03551,0.03551,2,0.001562,0,0.998277
41,,,0.969718,331208,827,37346,2,0.99521,0.997593,25.556356,0.03553,0.03553,4,0.002602,0,0.998828
42,,,0.976529,329511,822,14900,2,0.989286,0.994585,15.170138,0.035438,0.035438,6,0.001168,0,0.996238
43,,,0.986481,319235,805,5446,2,0.969662,0.984356,6.510633,0.03488,0.03488,8,0.000547,0,0.980537
44,,,0.979791,327400,818,13606,2,0.984597,0.992178,11.655261,0.035323,0.035323,8,0.001087,0,0.993013
45,,,0.972095,331217,826,22869,2,0.994019,0.996992,18.54866,0.03553,0.03553,8,0.001687,0,0.998838
46,,,0.974395,330394,824,23909,2,0.991647,0.995788,17.07404,0.035486,0.035486,10,0.001739,0,0.997581
47,,,0.96897,331754,828,31656,2,0.996403,0.998195,22.928373,0.03556,0.03556,4,0.002238,0,0.999661
48,,,0.96824,331504,828,36398,2,0.996403,0.998195,27.907276,0.035546,0.035546,4,0.002546,0,0.99928
49,,,0.974442,330410,824,28082,2,0.991647,0.995788,16.391912,0.035487,0.035487,7,0.002018,0,0.99761
50,,,0.96897,331754,828,36925,2,0.996403,0.998195,22.928373,0.03556,0.03556,4,0.00257,0,0.999661
51,,,0.979641,327350,818,8866,2,0.984597,0.992178,11.746689,0.035321,0.035321,8,0.000772,0,0.992946
52,,,0.974672,326487,819,12721,2,0.985765,0.99278,16.143383,0.035274,0.035274,6,0.001021,0,0.991625
53,,,0.975749,330050,823,18612,2,0.990465,0.995187,15.069056,0.035467,0.035467,6,0.00141,0,0.997062
54,,,0.978188,329268,821,19970,2,0.988109,0.993983,12.527544,0.035425,0.035425,10,0.001491,0,0.995864
55,,,0.987571,310125,793,4216,2,0.956272,0.977136,7.587197,0.034379,0.034379,8,0.000461,0,0.966477
56,,,0.972342,330499,825,27700,2,0.992832,0.99639,19.534194,0.035491,0.035491,4,0.001987,0,0.997743
57,,,0.987683,313299,797,7570,2,0.960694,0.979543,6.476546,0.034551,0.034551,6,0.000684,0,0.971302
58,,,0.976243,330217,823,23128,2,0.990465,0.995187,14.034166,0.035476,0.035476,1,0.001695,0,0.997312
59,,,0.97344,330070,824,25382,2,0.991647,0.995788,18.784206,0.035468,0.035468,3,0.001842,0,0.997094
60,,,0.979948,328254,819,16308,2,0.985765,0.99278,10.780676,0.03537,0.03537,8,0.001251,0,0.994317
61,,,0.972368,330508,825,14716,2,0.992832,0.99639,19.319299,0.035492,0.035492,6,0.001156,0,0.997759
62,,,0.974837,330544,824,30667,2,0.991647,0.995788,15.587017,0.035494,0.035494,4,0.002169,0,0.997808
63,,,0.981265,327091,817,11422,2,0.983432,0.991576,10.286785,0.035306,0.035306,6,0.000939,0,0.992541
64,,,0.978773,327060,818,10870,2,0.984597,0.992178,12.419456,0.035305,0.035305,8,0.000906,0,0.992499
65,,,0.98492,322704,810,12308,2,0.975352,0.987365,7.955191,0.035068,0.035068,8,0.000993,0,0.985825
66,,,0.979948,328254,819,11220,2,0.985765,0.99278,10.780676,0.03537,0.03537,6,0.000927,0,0.994317
67,,,0.972095,331217,826,30234,2,0.994019,0.996992,18.54866,0.03553,0.03553,3,0.002154,0,0.998838
68,,,0.979022,327944,819,15527,2,0.985765,0.99278,12.148113,0.035353,0.035353,2,0.001201,0,0.993845
69,,,0.97849,328567,820,12559,2,0.986936,0.993381,12.406998,0.035387,0.035387,6,0.001015,0,0.994797
70,,,0.987853,305534,787,3694,2,0.949714,0.973526,6.086662,0.034126,0.034126,8,0.000428,0,0.959356
71,,,0.977084,328095,820,14890,2,0.986936,0.993381,40.13837,0.035361,0.035361,8,0.001171,0,0.994071
72,,,0.981486,323967,813,12054,2,0.978799,0.98917,10.353256,0.035136,0.035136,6,0.000976,0,0.987761
73,,,0.978772,328662,820,11945,2,0.986936,0.993381,11.921899,0.035392,0.035392,2,0.000971,0,0.994942
74,,,0.989166,299748,779,4444,2,0.94111,0.968712,6.686271,0.033804,0.033804,8,0.000476,0,0.950289
75,,,0.96897,331754,828,29696,2,0.996403,0.998195,22.928373,0.03556,0.03556,4,0.002118,0,0.999661
76,,,0.97506,329817,823,20649,2,0.990465,0.995187,15.892619,0.035455,0.035455,1,0.001542,0,0.996705
77,,,0.970388,331437,827,34561,2,0.99521,0.997593,21.288868,0.035542,0.035542,4,0.002432,0,0.999177
78,,,0.968114,331461,828,17664,2,0.996403,0.998195,33.952236,0.035544,0.035544,8,0.001357,0,0.999213
79,,,0.978866,329496,821,10541,2,0.988109,0.993983,11.442942,0.035437,0.035437,6,0.000884,0,0.99621
80,,,0.977083,329698,822,23763,2,0.989286,0.994585,13.716845,0.035448,0.035448,3,0.001732,0,0.996522
81,,,0.981781,327263,817,14886,2,0.983432,0.991576,9.337562,0.035316,0.035316,2,0.001159,0,0.992805
82,,,0.987557,314834,799,11549,2,0.96292,0.980746,6.475787,0.034638,0.034638,8,0.000939,0,0.973746
83,,,0.96897,331754,828,41663,2,0.996403,0.998195,22.928373,0.03556,0.03556,4,0.002878,0,0.999661
84,,,0.970291,329802,825,28446,2,0.992832,0.99639,26.205685,0.035454,0.035454,4,0.002033,0,0.996687
85,,,0.975917,330107,823,25582,2,0.990465,0.995187,14.683437,0.03547,0.03547,6,0.001851,0,0.997142
86,,,0.970809,329978,825,16730,2,0.992832,0.99639,21.205562,0.035463,0.035463,1,0.00128,0,0.996959
87,,,0.980739,327717,818,12590,2,0.984597,0.992178,10.249749,0.035341,0.035341,8,0.001011,0,0.9935
88,,,0.972027,330392,825,29147,2,0.992832,0.99639,24.004056,0.035486,0.035486,4,0.002081,0,0.997585
89,,,0.966967,331869,829,38235,2,0.997599,0.998797,29.216735,0.035566,0.035566,4,0.002662,0,0.999837
90,,,0.977826,329146,821,17151,2,0.988109,0.993983,12.936613,0.035418,0.035418,8,0.001312,0,0.995677
91,,,0.968266,331513,828,28495,2,0.996403,0.998195,27.850351,0.035546,0.035546,4,0.002034,0,0.999292
92,,,0.987683,313299,797,7570,2,0.960694,0.979543,6.476546,0.034551,0.034551,6,0.000684,0,0.971302
93,,,0.976231,330213,823,16459,2,0.990465,0.995187,14.068604,0.035476,0.035476,8,0.001272,0,0.997303
94,,,0.992563,275079,745,4319,2,0.906216,0.948255,3.438547,0.032387,0.032387,6,0.000465,0,0.910468
95,,,0.977615,329075,821,20152,2,0.988109,0.993983,14.268937,0.035414,0.035414,2,0.0015,0,0.995572
96,,,0.984592,324992,813,11708,2,0.978799,0.98917,7.58182,0.035193,0.035193,2,0.000952,0,0.989338
97,,,0.982998,320485,808,8239,2,0.973068,0.986161,19.829504,0.034948,0.034948,2,0.000725,0,0.982465
98,,,0.977539,329852,822,20863,2,0.989286,0.994585,12.761976,0.035456,0.035456,0,0.001552,0,0.996755
99,,,0.976116,330174,823,23946,2,0.990465,0.995187,14.328864,0.035474,0.035474,3,0.001751,0,0.997248
100,,,0.979008,328741,820,11773,2,0.986936,0.993381,11.639101,0.035396,0.035396,6,0.000961,0,0.995062
101,,,0.96897,331754,828,40443,2,0.996403,0.998195,22.928373,0.03556,0.03556,4,0.002804,0,0.999661
102,,,0.979953,325854,816,15617,2,0.98227,0.990975,12.994171,0.035239,0.035239,8,0.001207,0,0.990652
103,,,0.980599,322878,812,7579,2,0.977647,0.988568,11.321875,0.035078,0.035078,6,0.000686,0,0.986122
104,,,0.976511,329505,822,23963,2,0.989286,0.994585,14.247305,0.035437,0.035437,8,0.001755,0,0.996225
105,,,0.972714,328224,822,10904,2,0.989286,0.994585,44.860375,0.035368,0.035368,8,0.000916,0,0.994274
106,,,0.991454,304313,784,9032,2,0.946469,0.971721,4.095994,0.034054,0.034054,6,0.000776,0,0.957336
107,,,0.975637,329210,822,15895,2,0.989286,0.994585,16.027071,0.035422,0.035422,2,0.001224,0,0.995786
108,,,0.994823,290717,765,3077,2,0.926421,0.960289,2.244931,0.033286,0.033286,6,0.000388,0,0.935736
109,,,0.973864,330214,824,18892,2,0.991647,0.995788,17.822396,0.035476,0.035476,2,0.001416,0,0.997308
110,,,0.963911,331619,830,37565,2,0.998798,0.999398,59.248945,0.035552,0.035552,4,0.002623,0,0.999455
111,,,0.987059,315464,800,5193,2,0.964037,0.981348,6.189343,0.034673,0.034673,8,0.000528,0,0.97474
112,,,0.974036,328670,822,11263,2,0.989286,0.994585,22.008272,0.035392,0.035392,8,0.00093,0,0.99496
113,,,0.982784,314884,801,6499,2,0.965157,0.981949,35.859421,0.034642,0.034642,8,0.000619,0,0.973859
114,,,0.986231,320743,807,6450,2,0.97193,0.98556,6.667038,0.034961,0.034961,8,0.000614,0,0.982839
115,,,0.987659,266416,735,2294,2,0.89644,0.942238,16.125864,0.031866,0.031866,2,0.000341,0,0.895809
116,,,0.988447,303390,784,5819,2,0.946469,0.971721,7.081116,0.034004,0.034004,8,0.00057,0,0.955915
117,,,0.973847,330208,824,22244,2,0.991647,0.995788,21.011562,0.035476,0.035476,8,0.001648,0,0.997297
118,,,0.996793,242473,698,2263,2,0.862033,0.919976,1.089264,0.030431,0.030431,8,0.00033,0,0.855484
119,,,0.997719,184107,608,832,2,0.788425,0.865824,0.60938,0.026545,0.026545,8,0.000236,0,0.746223
120,,,0.985911,318258,804,6971,2,0.968531,0.983755,7.24093,0.034825,0.034825,6,0.000643,0,0.979004
121,,,0.972551,330570,825,21691,2,0.992832,0.99639,18.476603,0.035495,0.035495,1,0.001603,0,0.997855
122,,,0.970466,330662,826,27877,2,0.994019,0.996992,25.679852,0.035501,0.035501,2,0.002,0,0.998001
123,,,0.982619,324341,813,15372,2,0.978799,0.98917,9.401518,0.035157,0.035157,2,0.001186,0,0.988344
124,,,0.974681,330491,824,21122,2,0.991647,0.995788,15.945445,0.035491,0.035491,6,0.001568,0,0.997733
125,,,0.986096,315945,801,7870,2,0.965157,0.981949,7.246527,0.034697,0.034697,6,0.000705,0,0.975397
126,,,0.975749,330050,823,17638,2,0.990465,0.995187,15.069056,0.035467,0.035467,6,0.001346,0,0.997062
127,,,0.980714,323712,813,8192,2,0.978799,0.98917,11.745261,0.035123,0.035123,8,0.00073,0,0.987387
128,,,0.984436,317782,804,7675,2,0.968531,0.983755,10.113626,0.034799,0.034799,6,0.000691,0,0.978273
129,,,0.969776,330427,826,24534,2,0.994019,0.996992,48.493189,0.035487,0.035487,2,0.001794,0,0.997635
130,,,0.98415,319273,806,10511,2,0.970794,0.984958,8.864603,0.034881,0.034881,6,0.000874,0,0.98059
131,,,0.974918,329769,823,21631,2,0.990465,0.995187,16.232944,0.035452,0.035452,0,0.001598,0,0.996632
132,,,0.991545,309020,790,8123,2,0.952982,0.975331,3.843956,0.034316,0.034316,6,0.000715,0,0.964696
133,,,0.985831,303360,785,4056,2,0.947548,0.972323,7.037063,0.034001,0.034001,8,0.000451,0,0.955853
134,,,0.96897,331754,828,28586,2,0.996403,0.998195,22.928373,0.03556,0.03556,5,0.002056,0,0.999661
135,,,0.973266,330813,825,18801,2,0.992832,0.99639,17.543093,0.035509,0.035509,8,0.001426,0,0.998225
136,,,0.985056,321156,808,9883,2,0.973068,0.986161,8.548422,0.034984,0.034984,8,0.000838,0,0.983472
137,,,0.966967,331869,829,45539,2,0.997599,0.998797,29.216735,0.035566,0.035566,4,0.003123,0,0.999837
138,,,0.97721,329741,822,16521,2,0.989286,0.994585,13.422253,0.03545,0.03545,2,0.001267,0,0.996585
139,,,0.983995,324795,813,8062,2,0.978799,0.98917,7.96247,0.035182,0.035182,8,0.000721,0,0.989041
140,,,0.979463,325691,816,7914,2,0.98227,0.990975,11.596952,0.035231,0.035231,8,0.000707,0,0.990421
141,,,0.972813,330659,825,22460,2,0.992832,0.99639,21.825729,0.0355,0.0355,2,0.001651,0,0.997984
142,,,0.98494,321914,809,7049,2,0.974209,0.986763,7.996149,0.035025,0.035025,6,0.000647,0,0.984638
143,,,0.98381,324734,813,10614,2,0.978799,0.98917,8.201817,0.035178,0.035178,8,0.000885,0,0.988937
144,,,0.981306,322315,811,9784,2,0.976498,0.987966,10.644218,0.035048,0.035048,2,0.000825,0,0.985265
145,,,0.985632,322140,809,10435,2,0.974209,0.986763,7.506704,0.035037,0.035037,2,0.000866,0,0.984971
146,,,0.971655,331067,826,22313,2,0.994019,0.996992,20.040756,0.035522,0.035522,4,0.001634,0,0.998611
147,,,0.974056,330279,824,19790,2,0.991647,0.995788,16.781205,0.03548,0.03548,8,0.001483,0,0.99741
148,,,0.985096,310129,794,4164,2,0.957373,0.977738,7.542172,0.034378,0.034378,8,0.000463,0,0.966425
149,,,0.992777,294691,771,3329,2,0.93266,0.963899,3.397012,0.033514,0.033514,6,0.000404,0,0.94215
150,,,0.969682,331196,827,26047,2,0.99521,0.997593,26.20269,0.035529,0.035529,4,0.001878,0,0.998808
151,,,0.991317,298089,776,3889,2,0.937923,0.966907,4.427186,0.033706,0.033706,6,0.000439,0,0.947545
152,,,0.984091,319254,806,12503,2,0.970794,0.984958,8.634685,0.03488,0.03488,6,0.001001,0,0.980538
153,,,0.975208,329867,823,14244,2,0.990465,0.995187,16.498566,0.035457,0.035457,8,0.001127,0,0.996783
154,,,0.996716,188798,616,1100,2,0.794455,0.870638,1.297858,0.026831,0.026831,2,0.000257,0,0.754287
155,,,0.970275,330597,826,23841,2,0.994019,0.996992,47.031866,0.035497,0.035497,4,0.001739,0,0.997895
156,,,0.976366,329456,822,13402,2,0.989286,0.994585,14.377465,0.035435,0.035435,8,0.001077,0,0.996148
157,,,0.987415,314789,799,8411,2,0.96292,0.980746,6.261162,0.034633,0.034634,6,0.000734,0,0.973619
158,,,0.976101,330169,823,21721,2,0.990465,0.995187,14.373321,0.035474,0.035474,10,0.001597,0,0.997239
159,,,0.976783,329597,822,13147,2,0.989286,0.994585,13.908531,0.035443,0.035443,8,0.001055,0,0.996367
160,,,0.977531,328245,820,16941,2,0.986936,0.993381,17.978638,0.035369,0.035369,2,0.001291,0,0.994303
161,,,0.978437,327748,819,11423,2,0.985765,0.99278,12.647728,0.035342,0.035342,8,0.000945,0,0.993546
162,,,0.974484,330424,824,23259,2,0.991647,0.995788,16.300947,0.035487,0.035487,8,0.001709,0,0.997626
163,,,0.97968,327363,818,19709,2,0.984597,0.992178,12.168635,0.035321,0.035321,2,0.00147,0,0.992954
164,,,0.986486,321622,808,5857,2,0.973068,0.986161,6.485672,0.03501,0.03501,8,0.000578,0,0.984192
165,,,0.99727,49320,315,419,2,0.616927,0.689531,0.475975,0.013771,0.013771,4,0.000208,0,0.387126
166,,,0.988747,308929,791,3540,2,0.954076,0.975933,5.634799,0.034313,0.034313,6,0.000419,0,0.964608
167,,,0.98235,285572,763,4074,2,0.92436,0.959085,34.71147,0.032991,0.032991,8,0.000459,0,0.927442
168,,,0.97338,330852,825,26687,2,0.992832,0.99639,17.262453,0.035511,0.035511,5,0.001925,0,0.998281
169,,,0.982673,321173,809,10239,2,0.974209,0.986763,9.86324,0.034984,0.034984,8,0.000861,0,0.983462
170,,,0.972613,330591,825,22226,2,0.992832,0.99639,19.386712,0.035497,0.035497,6,0.001643,0,0.99789
171,,,0.991676,302829,782,5093,2,0.944318,0.970517,4.351443,0.033971,0.033971,6,0.000521,0,0.955001
172,,,0.986115,317532,803,4989,2,0.967404,0.983153,7.394547,0.034787,0.034787,8,0.000516,0,0.977923
173,,,0.980725,305648,790,3929,2,0.952982,0.975331,37.387535,0.034128,0.034128,2,0.000453,0,0.959425
174,,,0.972639,330600,825,31229,2,0.992832,0.99639,19.333631,0.035497,0.035497,4,0.002203,0,0.997902
175,,,0.981577,323997,813,9965,2,0.978799,0.98917,10.260528,0.035139,0.035139,6,0.000843,0,0.987823
176,,,0.995084,197161,630,1591,2,0.805233,0.879061,1.454558,0.02744,0.02744,6,0.000286,0,0.771402
177,,,0.987167,296841,776,3712,2,0.937923,0.966907,6.445528,0.033639,0.033639,2,0.000426,0,0.945667
178,,,0.972848,330671,825,21046,2,0.992832,0.99639,18.016531,0.035501,0.035501,8,0.001563,0,0.998006
179,,,0.979488,295292,777,6797,2,0.938983,0.967509,16.849448,0.033543,0.033543,8,0.000627,0,0.942977
180,,,0.983995,324795,813,8062,2,0.978799,0.98917,7.96247,0.035182,0.035182,8,0.000721,0,0.989041
181,,,0.97051,318769,811,11605,2,0.976498,0.987966,51.873868,0.034852,0.034852,2,0.000951,0,0.979781
182,,,0.984042,320031,807,6516,2,0.97193,0.98556,8.820293,0.034922,0.034922,8,0.000617,0,0.98173
183,,,0.973009,329924,824,20910,2,0.991647,0.995788,22.095491,0.03546,0.03546,1,0.001549,0,0.996867
184,,,0.971681,331076,826,34863,2,0.994019,0.996992,19.985815,0.035523,0.035523,4,0.00244,0,0.998623
185,,,0.982414,321883,810,10411,2,0.975352,0.987365,9.917619,0.035024,0.035024,8,0.000868,0,0.984587
186,,,0.972095,331217,826,27367,2,0.994019,0.996992,18.54866,0.03553,0.03553,4,0.00196,0,0.998838
187,,,0.986478,317649,803,4300,2,0.967404,0.983153,6.721777,0.034793,0.034793,8,0.000469,0,0.978112
188,,,0.981679,327229,817,14149,2,0.983432,0.991576,9.822978,0.035314,0.035314,2,0.001115,0,0.992745
189,,,0.977835,329149,821,15417,2,0.988109,0.993983,12.924657,0.035418,0.035418,8,0.001201,0,0.99568
190,,,0.992354,6619,116,149,2,0.537516,0.569795,0.108156,0.005028,0.005028,4,0.000191,0,0.141341
191,,,0.966114,331576,829,21208,2,0.997599,0.998797,40.282265,0.03555,0.03555,2,0.001582,0,0.999389
192,,,0.973606,329325,823,16347,2,0.990465,0.995187,17.391696,0.035428,0.035428,6,0.001261,0,0.995963
193,,,0.97668,329562,822,14984,2,0.989286,0.994585,14.004494,0.035441,0.035441,6,0.001174,0,0.996315
194,,,0.972695,330619,825,13686,2,0.992832,0.99639,18.385617,0.035498,0.035498,8,0.001093,0,0.997929
195,,,0.996033,285011,757,3542,2,0.918232,0.955475,1.710423,0.032963,0.032963,6,0.000416,0,0.926667
196,,,0.990147,316451,800,8244,2,0.964037,0.981348,4.466586,0.034727,0.034727,6,0.000728,0,0.976247
197,,,0.998528,268615,734,1946,2,0.895474,0.941637,0.556567,0.032008,0.032008,8,0.000313,0,0.899807
198,,,0.974525,329636,823,11248,2,0.990465,0.995187,16.715463,0.035445,0.035445,8,0.000938,0,0.99643
199,,,0.979171,327994,819,17193,2,0.985765,0.99278,12.103442,0.035356,0.035356,6,0.001313,0,0.99392
200,,,0.97879,328668,820,17638,2,0.986936,0.993381,12.330842,0.035392,0.035392,6,0.001347,0,0.994947
201,,,0.976257,330222,823,17264,2,0.990465,0.995187,14.015014,0.035476,0.035476,2,0.001312,0,0.997315
202,,,0.977475,329028,821,16207,2,0.988109,0.993983,13.641959,0.035412,0.035412,1,0.001249,0,0.995495
203,,,0.970388,331437,827,29501,2,0.99521,0.997593,21.288868,0.035542,0.035542,1,0.002111,0,0.999177
204,,,0.990996,291116,767,4893,2,0.928492,0.961492,9.3972,0.033313,0.033313,8,0.000506,0,0.93651
205,,,0.978123,328444,820,11105,2,0.986936,0.993381,12.406907,0.03538,0.03538,8,0.000921,0,0.994614
206,,,0.987491,318768,804,7025,2,0.968531,0.983755,5.986026,0.034854,0.034854,8,0.000651,0,0.979819
207,,,0.971009,330847,826,23235,2,0.994019,0.996992,21.058825,0.035511,0.035511,8,0.001707,0,0.998282
208,,,0.97524,329878,823,18716,2,0.990465,0.995187,15.775225,0.035458,0.035458,2,0.001406,0,0.996795
209,,,0.970947,330826,826,25440,2,0.994019,0.996992,24.948941,0.035509,0.035509,4,0.001847,0,0.998242
210,,,0.985796,319807,806,9056,2,0.970794,0.984958,7.717422,0.03491,0.03491,8,0.00078,0,0.981401
211,,,0.990264,285612,760,3781,2,0.921286,0.95728,4.442861,0.032999,0.032999,6,0.000432,0,0.927675
212,,,0.977944,300933,785,5801,2,0.947548,0.972323,18.931509,0.033862,0.033862,2,0.000568,0,0.951926
213,,,0.968266,331513,828,34895,2,0.996403,0.998195,27.850351,0.035546,0.035546,4,0.002439,0,0.999292
214,,,0.977836,323557,814,10390,2,0.979953,0.989771,13.709373,0.035116,0.035116,6,0.000865,0,0.98718
215,,,0.976655,328752,821,21276,2,0.988109,0.993983,15.051232,0.035397,0.035397,1,0.001573,0,0.995082
216,,,0.985529,300952,782,4499,2,0.944318,0.970517,7.16472,0.033864,0.033864,6,0.000484,0,0.951993
217,,,0.977471,328225,820,12109,2,0.986936,0.993381,14.604829,0.035368,0.035368,8,0.000984,0,0.99428
218,,,0.975699,330033,823,20916,2,0.990465,0.995187,15.761199,0.035466,0.035466,10,0.001553,0,0.997034
219,,,0.992271,297607,775,3183,2,0.936866,0.966306,3.736414,0.033679,0.033679,8,0.000396,0,0.946792
220,,,0.974407,330398,824,27392,2,0.991647,0.995788,17.03947,0.035486,0.035486,6,0.001972,0,0.997591
221,,,0.986129,305777,788,3881,2,0.950801,0.974128,7.936018,0.034138,0.034138,8,0.000442,0,0.959699
222,,,0.971795,331115,826,31269,2,0.994019,0.996992,19.699278,0.035525,0.035525,4,0.002214,0,0.998683
223,,,0.981386,323934,813,10236,2,0.978799,0.98917,10.605407,0.035135,0.035135,6,0.000857,0,0.98772
224,,,0.992214,306883,787,4249,2,0.949714,0.973526,3.511398,0.034197,0.034197,6,0.000465,0,0.96136
225,,,0.979458,328090,819,15190,2,0.985765,0.99278,11.922727,0.035361,0.035361,6,0.001186,0,0.994066
226,,,0.987202,280248,754,3704,2,0.915198,0.95367,6.873304,0.032691,0.032691,1,0.000425,0,0.919007
227,,,0.975917,330107,823,21590,2,0.990465,0.995187,14.683437,0.03547,0.03547,2,0.001594,0,0.997142
228,,,0.98171,325638,815,8510,2,0.98111,0.990373,10.006396,0.035228,0.035228,8,0.000748,0,0.990328
229,,,0.969273,331056,827,31562,2,0.99521,0.997593,22.719792,0.035522,0.035522,4,0.002227,0,0.998601
230,,,0.986233,316779,802,5489,2,0.966279,0.982551,7.191993,0.034746,0.034746,6,0.000545,0,0.976777
231,,,0.97154,331028,826,33227,2,0.994019,0.996992,20.302052,0.03552,0.03552,4,0.002341,0,0.998556
232,,,0.977948,329187,821,18736,2,0.988109,0.993983,12.965209,0.03542,0.03542,2,0.001406,0,0.99574
233,,,0.974696,330496,824,20861,2,0.991647,0.995788,15.92842,0.035491,0.035491,2,0.001549,0,0.997736
234,,,0.985822,279856,754,3470,2,0.915198,0.95367,9.159424,0.032668,0.032668,6,0.000411,0,0.91836
235,,,0.975374,327521,820,13856,2,0.986936,0.993381,16.863347,0.03533,0.03533,2,0.001099,0,0.993213
236,,,0.974469,330419,824,31422,2,0.991647,0.995788,16.319105,0.035487,0.035487,3,0.002229,0,0.997624
237,,,0.973407,330861,825,28419,2,0.992832,0.99639,17.209223,0.035511,0.035511,4,0.00203,0,0.998293
238,,,0.98303,326076,815,11112,2,0.98111,0.990373,8.550193,0.035252,0.035252,8,0.000918,0,0.990996
239,,,0.975453,329148,822,12384,2,0.989286,0.994585,16.364747,0.035418,0.035418,8,0.001006,0,0.99569
240,,,0.97438,330389,824,26728,2,0.991647,0.995788,17.09329,0.035486,0.035486,2,0.001922,0,0.997578
241,,,0.976609,329538,822,14340,2,0.989286,0.994585,14.041519,0.035439,0.035439,6,0.001134,0,0.996279
242,,,0.980016,321891,811,11415,2,0.976498,0.987966,11.128806,0.035025,0.035025,2,0.000925,0,0.984623
243,,,0.96897,331754,828,26015,2,0.996403,0.998195,22.928373,0.03556,0.03556,5,0.001885,0,0.999661
244,,,0.982451,321895,810,6055,2,0.975352,0.987365,9.919783,0.035024,0.035024,8,0.00059,0,0.984612
245,,,0.997743,95487,438,580,2,0.678922,0.763538,0.361588,0.019124,0.019124,8,0.000219,0,0.53762
246,,,0.977923,323586,814,12153,2,0.979953,0.989771,13.523098,0.035116,0.035116,2,0.000984,0,0.987197
247,,,0.968029,331432,828,33228,2,0.996403,0.998195,28.281328,0.035542,0.035542,4,0.002335,0,0.999171
248,,,0.996797,284476,756,3086,2,0.917219,0.954874,1.284827,0.032933,0.032933,8,0.000383,0,0.925819
249,,,0.976371,329458,822,23357,2,0.989286,0.994585,14.576718,0.035435,0.035435,1,0.001714,0,0.996157
250,,,0.976088,328561,821,12111,2,0.988109,0.993983,15.400246,0.035386,0.035386,8,0.000982,0,0.994793
251,,,0.976696,327165,819,12487,2,0.985765,0.99278,15.889604,0.035311,0.035311,8,0.001006,0,0.992669
252,,,0.971443,330995,826,31892,2,0.994019,0.996992,20.414905,0.035518,0.035518,4,0.002247,0,0.998502
253,,,0.991417,302750,782,4078,2,0.944318,0.970517,4.326732,0.03397,0.03397,8,0.000455,0,0.954963
254,,,0.992925,287134,761,2601,2,0.922309,0.957882,3.594167,0.033081,0.033081,6,0.000356,0,0.929961
255,,,0.976549,328716,821,13035,2,0.988109,0.993983,14.441674,0.035395,0.035395,8,0.00105,0,0.995021
256,,,0.985971,315905,801,5595,2,0.965157,0.981949,7.516537,0.034698,0.034698,8,0.000553,0,0.975421
257,,,0.974599,330463,824,22162,2,0.991647,0.995788,16.013599,0.035489,0.035489,1,0.001635,0,0.997687
258,,,0.98149,325565,815,10523,2,0.98111,0.990373,10.224043,0.035224,0.035224,2,0.000874,0,0.990221
259,,,0.966967,331869,829,34257,2,0.997599,0.998797,29.216735,0.035566,0.035566,4,0.002409,0,0.999837
260,,,0.974669,330487,824,23817,2,0.991647,0.995788,15.973451,0.035491,0.035491,6,0.001746,0,0.997728
261,,,0.972095,331217,826,41676,2,0.994019,0.996992,18.54866,0.03553,0.03553,4,0.002889,0,0.998838
262,,,0.985595,318156,804,8621,2,0.968531,0.983755,7.449019,0.034819,0.034819,8,0.000755,0,0.978833
263,,,0.999139,265856,730,1340,2,0.891631,0.93923,0.320862,0.031846,0.031846,8,0.000272,0,0.895261
264,,,0.993077,277444,748,3799,2,0.90919,0.95006,3.309712,0.032536,0.032536,8,0.000431,0,0.914662
265,,,0.97338,330852,825,17836,2,0.992832,0.99639,17.262453,0.035511,0.035511,8,0.001364,0,0.998281
266,,,0.973708,330161,824,24213,2,0.991647,0.995788,18.182631,0.035473,0.035473,8,0.001771,0,0.997233
267,,,0.973392,330856,825,20826,2,0.992832,0.99639,17.227587,0.035511,0.035511,3,0.001545,0,0.99829
268,,,0.982002,323340,812,8640,2,0.977647,0.988568,10.29507,0.035103,0.035103,8,0.00076,0,0.986817
269,,,0.97625,329417,822,12473,2,0.989286,0.994585,14.638672,0.035433,0.035433,8,0.001011,0,0.996094
270,,,0.970259,331393,827,30693,2,0.99521,0.997593,21.595681,0.03554,0.03554,3,0.00219,0,0.999113
271,,,0.966967,331869,829,26680,2,0.997599,0.998797,29.216735,0.035566,0.035566,4,0.001916,0,0.999837
272,,,0.995203,249782,709,2305,2,0.871983,0.926594,2.075069,0.030888,0.030888,6,0.000332,0,0.868332
273,,,0.986437,262476,730,2756,2,0.891631,0.93923,6.828129,0.031625,0.031626,8,0.000367,0,0.889062
274,,,0.993211,209493,650,1541,2,0.821146,0.891095,3.482523,0.02826,0.02826,2,0.000289,0,0.794449
275,,,0.978781,328665,820,17983,2,0.986936,0.993381,11.76514,0.035392,0.035392,2,0.001357,0,0.994951
276,,,0.969548,331150,827,30269,2,0.99521,0.997593,22.533012,0.035527,0.035527,4,0.00215,0,0.998743
277,,,0.978031,328413,820,22363,2,0.986936,0.993381,12.803305,0.035378,0.035378,10,0.00164,0,0.994563
278,,,0.967699,331319,828,31061,2,0.996403,0.998195,49.775921,0.035536,0.035536,1,0.002215,0,0.998996
279,,,0.977677,329096,821,16560,2,0.988109,0.993983,13.170078,0.035415,0.035415,8,0.001276,0,0.995605
280,,,0.973407,330861,825,31069,2,0.992832,0.99639,17.209223,0.035511,0.035511,4,0.002196,0,0.998293
281,,,0.981943,324916,814,17569,2,0.979953,0.989771,10.19212,0.035188,0.035188,8,0.001336,0,0.989215
282,,,0.965878,331495,829,25099,2,0.997599,0.998797,40.727881,0.035546,0.035546,4,0.001821,0,0.999268
283,,,0.987131,286962,763,3386,2,0.92436,0.959085,7.370036,0.033068,0.033068,2,0.000413,0,0.929624
284,,,0.988333,313505,797,11455,2,0.960694,0.979543,6.073474,0.034563,0.034563,8,0.000935,0,0.971643
285,,,0.970274,331398,827,23435,2,0.99521,0.997593,21.575878,0.03554,0.03554,8,0.001719,0,0.999116
286,,,0.968249,331507,828,32189,2,0.996403,0.998195,27.884043,0.035546,0.035546,4,0.002274,0,0.99929
287,,,0.970037,331317,827,23559,2,0.99521,0.997593,22.004731,0.035536,0.035536,1,0.001724,0,0.998995
288,,,0.976101,330169,823,15251,2,0.990465,0.995187,14.373321,0.035474,0.035474,6,0.001192,0,0.997239
289,,,0.979222,327210,818,13215,2,0.984597,0.992178,12.280952,0.035313,0.035313,6,0.001055,0,0.992728
290,,,0.970037,331317,827,23257,2,0.99521,0.997593,22.004731,0.035536,0.035536,5,0.001704,0,0.998995
291,,,0.972786,330650,825,21635,2,0.992832,0.99639,21.881303,0.0355,0.0355,9,0.0016,0,0.997972
292,,,0.973392,330856,825,24172,2,0.992832,0.99639,17.227587,0.035511,0.035511,8,0.001767,0,0.99829
293,,,0.979458,328090,819,11801,2,0.985765,0.99278,11.089108,0.035361,0.035361,6,0.00097,0,0.994072
294,,,0.991807,136423,525,1119,2,0.730871,0.815884,5.150543,0.022846,0.022846,4,0.000256,0,0.642258
295,,,0.982231,327413,817,12420,2,0.983432,0.991576,9.04417,0.035324,0.035324,6,0.001003,0,0.993029
296,,,0.96838,331552,828,28558,2,0.996403,0.998195,27.564243,0.035549,0.035549,4,0.00204,0,0.999353
297,,,0.966967,331869,829,35454,2,0.997599,0.998797,29.216735,0.035566,0.035566,4,0.00248,0,0.999837
298,,,0.976257,330222,823,20157,2,0.990465,0.995187,14.015014,0.035476,0.035476,6,0.001508,0,0.997315
299,,,0.983003,325267,814,10457,2,0.979953,0.989771,8.608934,0.035208,0.035208,6,0.000868,0,0.989763
300,,,0.982148,326584,816,15237,2,0.98227,0.990975,9.128451,0.035279,0.035279,6,0.001184,0,0.991771
301,,,0.994061,282195,754,2241,2,0.915198,0.95367,3.048647,0.032797,0.032797,6,0.000333,0,0.922001
302,,,0.984202,322469,810,9510,2,0.975352,0.987365,8.479504,0.035056,0.035056,8,0.00081,0,0.985486
303,,,0.97066,331530,827,37637,2,0.99521,0.997593,20.209056,0.035547,0.035547,4,0.002634,0,0.999318
304,,,0.980587,326865,817,11089,2,0.983432,0.991576,10.975086,0.035294,0.035294,8,0.000924,0,0.992197
305,,,0.976303,329435,822,22938,2,0.989286,0.994585,15.57754,0.035434,0.035434,2,0.001681,0,0.99612
306,,,0.98287,326023,815,11522,2,0.98111,0.990373,9.087925,0.035249,0.035249,8,0.000942,0,0.990912
307,,,0.977891,327565,819,15759,2,0.985765,0.99278,14.034507,0.035332,0.035332,8,0.001221,0,0.99327
308,,,0.981663,322432,811,7228,2,0.976498,0.987966,10.921575,0.035053,0.035053,8,0.000664,0,0.985427
309,,,0.984053,321624,809,8169,2,0.974209,0.986763,9.125196,0.035009,0.035009,6,0.000721,0,0.984182
310,,,0.985142,319595,806,7902,2,0.970794,0.984958,8.235906,0.034899,0.034899,6,0.000707,0,0.981074
311,,,0.969776,330427,826,30530,2,0.994019,0.996992,25.710421,0.035488,0.035488,5,0.002177,0,0.997642
312,,,0.974938,330578,824,24840,2,0.991647,0.995788,15.344859,0.035496,0.035496,6,0.00181,0,0.99786
313,,,0.975467,328352,821,20038,2,0.988109,0.993983,15.916716,0.035375,0.035375,8,0.001498,0,0.994476
314,,,0.978711,325441,816,12510,2,0.98227,0.990975,13.397836,0.035217,0.035217,8,0.001011,0,0.990019
315,,,0.966967,331869,829,32879,2,0.997599,0.998797,29.216735,0.035566,0.035566,4,0.00232,0,0.999837
316,,,0.977579,329063,821,17286,2,0.988109,0.993983,13.197611,0.035414,0.035414,6,0.001321,0,0.995555
317,,,0.982381,306164,790,5201,2,0.952982,0.975331,10.412436,0.034156,0.034156,2,0.000532,0,0.960206
318,,,0.99978,63532,357,527,2,0.636782,0.714801,0.019188,0.015635,0.015635,8,0.000215,0,0.439537
319,,,0.974547,327243,820,12448,2,0.986936,0.993381,21.339638,0.035315,0.035315,2,0.001,0,0.992783
320,,,0.96482,331932,830,37831,2,0.998798,0.999398,41.690315,0.035569,0.035569,4,0.002639,0,0.999934
321,,,0.994171,52021,324,341,2,0.621076,0.694946,4.499967,0.014151,0.014151,8,0.000205,0,0.39783
322,,,0.988376,318260,803,13324,2,0.967404,0.983153,5.50947,0.034826,0.034826,6,0.001054,0,0.979018
323,,,0.97066,331530,827,23283,2,0.99521,0.997593,20.209056,0.035547,0.035547,4,0.001707,0,0.999318
324,,,0.975914,316601,806,7917,2,0.970794,0.984958,20.849289,0.034734,0.034734,2,0.000705,0,0.976445
325,,,0.98408,322429,810,4706,2,0.975352,0.987365,8.397315,0.035053,0.035053,6,0.000496,0,0.985427
326,,,0.982054,327354,817,15430,2,0.983432,0.991576,9.176131,0.035321,0.035321,6,0.001196,0,0.99294
327,,,0.972095,331217,826,29209,2,0.994019,0.996992,18.54866,0.03553,0.03553,4,0.002084,0,0.998838
328,,,0.975059,329015,822,15947,2,0.989286,0.994585,17.109636,0.035411,0.035411,6,0.001235,0,0.995487
329,,,0.988371,290345,767,2809,2,0.928492,0.961492,5.210661,0.033264,0.033264,6,0.000371,0,0.935114
330,,,0.973578,330117,824,25057,2,0.991647,0.995788,18.473133,0.035471,0.035471,4,0.001808,0,0.997161
331,,,0.975465,329954,823,19897,2,0.990465,0.995187,15.368691,0.035462,0.035462,8,0.001494,0,0.996913
332,,,0.981869,325691,815,12341,2,0.98111,0.990373,10.035365,0.035231,0.035231,6,0.000997,0,0.990415
333,,,0.973749,330175,824,21189,2,0.991647,0.995788,17.266385,0.035474,0.035474,8,0.001576,0,0.997257
334,,,0.968249,331507,828,38750,2,0.996403,0.998195,27.884043,0.035546,0.035546,4,0.002686,0,0.99929
335,,,0.977876,328361,820,12437,2,0.986936,0.993381,13.221308,0.035376,0.035376,8,0.00101,0,0.994485
336,,,0.979091,327967,819,12224,2,0.985765,0.99278,12.139926,0.035354,0.035354,8,0.000999,0,0.993882
337,,,0.977675,309346,796,6635,2,0.959584,0.978941,40.602069,0.034334,0.034334,2,0.000636,0,0.965203
338,,,0.981104,323841,813,11089,2,0.978799,0.98917,10.461668,0.03513,0.03513,8,0.000915,0,0.987594
339,,,0.982165,325789,815,10784,2,0.98111,0.990373,9.654885,0.035236,0.035236,8,0.000895,0,0.990561
340,,,0.975984,328526,821,15849,2,0.988109,0.993983,15.069336,0.035385,0.035385,8,0.001227,0,0.994741
341,,,0.979216,328009,819,14242,2,0.985765,0.99278,11.68136,0.035356,0.035356,2,0.001117,0,0.993946
342,,,0.978085,327630,819,13676,2,0.985765,0.99278,13.375622,0.035336,0.035336,8,0.001087,0,0.993364
343,,,0.975749,330050,823,19123,2,0.990465,0.995187,15.069056,0.035467,0.035467,6,0.001442,0,0.997062
344,,,0.992809,259844,724,2123,2,0.885928,0.93562,3.305316,0.031471,0.031471,2,0.000327,0,0.88472
345,,,0.962623,331975,831,41752,1,1,1,60.733919,0.035571,0.035571,4,0.002894,0,1
346,,,0.968365,331547,828,34426,2,0.996403,0.998195,27.609714,0.035548,0.035548,4,0.002418,0,0.999344
347,,,0.979749,327386,818,9948,2,0.984597,0.992178,10.916851,0.035323,0.035323,6,0.00084,0,0.993001
348,,,0.975771,327654,820,13568,2,0.986936,0.993381,15.447152,0.035338,0.035338,8,0.001074,0,0.993418
349,,,0.983974,322394,810,3830,2,0.975352,0.987365,8.265536,0.035052,0.035052,8,0.000441,0,0.985381
350,,,0.97238,330512,825,25492,2,0.992832,0.99639,23.288761,0.035492,0.035492,2,0.00185,0,0.997767
351,,,0.984227,322477,810,7659,2,0.975352,0.987365,8.308642,0.035056,0.035056,8,0.000692,0,0.985493
352,,,0.97965,327353,818,14951,2,0.984597,0.992178,11.745565,0.035321,0.035321,8,0.001172,0,0.992939
353,,,0.982634,324346,813,12806,2,0.978799,0.98917,9.580502,0.035157,0.035157,6,0.001025,0,0.988345
354,,,0.978927,328714,820,24345,2,0.986936,0.993381,12.026077,0.035394,0.035394,1,0.001769,0,0.995014
355,,,0.991919,301355,780,5100,2,0.942177,0.969314,3.748422,0.033885,0.033885,6,0.000519,0,0.952583
356,,,0.966967,331869,829,34300,2,0.997599,0.998797,29.216735,0.035566,0.035566,4,0.002412,0,0.999837
357,,,0.982366,322663,811,13079,2,0.976498,0.987966,9.945439,0.035066,0.035066,6,0.001042,0,0.985782
358,,,0.988372,64939,363,462,2,0.639723,0.718412,3.134504,0.015719,0.015719,4,0.000213,0,0.441888
359,,,0.981131,325446,815,8071,2,0.98111,0.990373,10.088201,0.035217,0.035217,6,0.000724,0,0.990039
360,,,0.998488,148560,546,1150,2,0.744624,0.82852,0.317047,0.023836,0.023836,6,0.000257,0,0.670091
361,,,0.970111,330541,826,26932,2,0.994019,0.996992,26.156042,0.035494,0.035494,4,0.001936,0,0.997811
362,,,0.985382,317296,803,6808,2,0.967404,0.983153,7.837396,0.034772,0.034772,6,0.000632,0,0.977511
363,,,0.971655,331067,826,25942,2,0.994019,0.996992,20.040756,0.035522,0.035522,5,0.001881,0,0.998611
364,,,0.978267,315005,803,8380,2,0.967404,0.983153,39.280143,0.034648,0.034648,2,0.000734,0,0.974035
365,,,0.971579,329439,824,11519,2,0.991647,0.995788,29.920905,0.035434,0.035434,2,0.000954,0,0.99613
366,,,0.975903,330102,823,23739,2,0.990465,0.995187,14.728708,0.03547,0.03547,1,0.001737,0,0.997133
367,,,0.988122,311866,795,6298,2,0.958478,0.978339,5.978039,0.034476,0.034476,6,0.000598,0,0.96919
368,,,0.979948,328254,819,16153,2,0.985765,0.99278,10.780676,0.03537,0.03537,6,0.001245,0,0.994317
369,,,0.973861,330213,824,14676,2,0.991647,0.995788,17.826669,0.035476,0.035476,2,0.001145,0,0.997307
370,,,0.96838,331552,828,30535,2,0.996403,0.998195,27.564243,0.035549,0.035549,4,0.00217,0,0.999353
371,,,0.985498,316543,802,10590,2,0.966279,0.982551,8.68888,0.034732,0.034732,8,0.00088,0,0.976384
372,,,0.98815,279773,753,2685,2,0.914191,0.953069,6.541838,0.032659,0.032659,2,0.00036,0,0.918119
373,,,0.990097,315644,799,6341,2,0.96292,0.980746,4.53158,0.034683,0.034683,8,0.000603,0,0.975016
374,,,1,25200,225,225,2,0.578288,0.635379,0,0.009846,0.009846,4,0.000195,0,0.276792
375,,,0.973566,330113,824,20577,2,0.991647,0.995788,18.489279,0.035471,0.035471,2,0.001531,0,0.997158
376,,,0.985056,321156,808,9537,2,0.973068,0.986161,8.548422,0.034984,0.034984,8,0.000816,0,0.983472
377,,,0.968266,331513,828,26319,2,0.996403,0.998195,27.850351,0.035546,0.035546,1,0.00191,0,0.999292
378,,,0.992992,296287,773,5841,2,0.934758,0.965102,3.327414,0.033606,0.033606,6,0.000566,0,0.944733
379,,,0.976243,330217,823,21344,2,0.990465,0.995187,14.034166,0.035476,0.035476,6,0.001582,0,0.997312
380,,,0.973658,330144,824,20897,2,0.991647,0.995788,17.435847,0.035472,0.035472,8,0.001558,0,0.997203
381,,,0.965298,331296,829,30830,2,0.997599,0.998797,57.594055,0.035535,0.035535,4,0.002198,0,0.998962
382,,,0.976101,330169,823,20139,2,0.990465,0.995187,14.373321,0.035474,0.035474,8,0.001506,0,0.997239
383,,,0.982429,325077,814,8822,2,0.979953,0.989771,9.654485,0.035197,0.035197,8,0.00077,0,0.989474
384,,,0.980394,320428,809,11966,2,0.974209,0.986763,22.104498,0.034944,0.034944,8,0.000968,0,0.982341
385,,,0.981225,326277,816,10227,2,0.98227,0.990975,10.447935,0.035263,0.035263,8,0.000859,0,0.991307
386,,,0.96897,331754,828,36971,2,0.996403,0.998195,22.928373,0.03556,0.03556,4,0.002581,0,0.999661
387,,,0.980685,324500,814,5416,2,0.979953,0.989771,11.217837,0.035166,0.035166,2,0.000547,0,0.988595
388,,,0.982642,326748,816,9732,2,0.98227,0.990975,8.821112,0.035288,0.035288,8,0.00083,0,0.992016
389,,,0.976116,330174,823,16162,2,0.990465,0.995187,14.356083,0.035474,0.035474,6,0.00125,0,0.997242
390,,,0.96897,331754,828,28094,2,0.996403,0.998195,22.928373,0.03556,0.03556,5,0.00202,0,0.999661
391,,,0.980914,326974,817,11071,2,0.983432,0.991576,10.141189,0.0353,0.0353,8,0.000917,0,0.992367
392,,,0.974153,330312,824,25406,2,0.991647,0.995788,16.703429,0.035481,0.035481,4,0.001832,0,0.997458
393,,,0.976474,328691,821,17693,2,0.988109,0.993983,15.260326,0.035394,0.035394,2,0.00134,0,0.994995
394,,,0.984811,317903,804,4983,2,0.968531,0.983755,8.683604,0.034806,0.034806,8,0.000516,0,0.978482
395,,,0.977172,329728,822,20907,2,0.989286,0.994585,13.501486,0.03545,0.03545,6,0.001552,0,0.996569
396,,,0.989633,302979,783,5721,2,0.945392,0.971119,5.278955,0.033982,0.033982,8,0.000558,0,0.95529
397,,,0.995447,193491,624,1157,2,0.800578,0.875451,2.033131,0.027164,0.027164,2,0.000263,0,0.763628
398,,,0.994884,260387,724,2032,2,0.885928,0.93562,2.093737,0.031523,0.031523,6,0.000315,0,0.886179
399,,,0.992084,301405,780,3520,2,0.942177,0.969314,3.533404,0.033897,0.033897,6,0.000415,0,0.952916
400,,,0.974265,330350,824,21167,2,0.991647,0.995788,16.434057,0.035483,0.035483,8,0.001573,0,0.997514
401,,,0.970013,328908,824,16015,2,0.991647,0.995788,47.497655,0.035405,0.035405,6,0.00125,0,0.995323
402,,,0.985584,317361,803,6083,2,0.967404,0.983153,7.587085,0.034777,0.034777,8,0.000588,0,0.977659
403,,,0.986876,316195,801,10980,2,0.965157,0.981949,7.477067,0.034713,0.034713,2,0.0009,0,0.975842
404,,,0.985186,317233,803,6077,2,0.967404,0.983153,7.663843,0.034769,0.034769,6,0.000588,0,0.977418
405,,,0.976127,330178,823,20512,2,0.990465,0.995187,14.321291,0.035474,0.035474,6,0.00152,0,0.997252
406,,,0.972095,331217,826,31263,2,0.994019,0.996992,18.54866,0.03553,0.03553,4,0.002218,0,0.998838
407,,,0.977674,328293,820,15092,2,0.986936,0.993381,13.937234,0.035372,0.035372,8,0.00118,0,0.994377
408,,,0.963893,331613,830,36467,2,0.998798,0.999398,59.346154,0.035552,0.035552,4,0.002549,0,0.999452
409,,,0.967077,331106,828,35158,2,0.996403,0.998195,51.587458,0.035524,0.035524,4,0.002471,0,0.998673
410,,,0.986592,272690,744,3064,2,0.905229,0.947653,7.26742,0.032235,0.032235,2,0.000388,0,0.90621
411,,,0.966967,331869,829,40109,2,0.997599,0.998797,29.216735,0.035566,0.035566,4,0.002783,0,0.999837
412,,,0.98624,321542,808,7716,2,0.973068,0.986161,6.627249,0.035005,0.035005,2,0.000693,0,0.98407
413,,,0.978724,327844,819,12822,2,0.985765,0.99278,12.220334,0.035348,0.035348,8,0.001037,0,0.993699
414,,,0.976699,324772,816,10936,2,0.98227,0.990975,40.933304,0.035181,0.035181,8,0.00091,0,0.989022
415,,,0.972115,330422,825,23403,2,0.992832,0.99639,22.972451,0.035487,0.035487,2,0.001709,0,0.997627
416,,,0.966017,331543,829,30186,2,0.997599,0.998797,52.575099,0.035548,0.035548,4,0.002149,0,0.999339
417,,,0.973522,330900,825,24844,2,0.992832,0.99639,16.921624,0.035513,0.035513,5,0.001815,0,0.998353
418,,,0.983454,323818,812,6136,2,0.977647,0.988568,8.603176,0.035129,0.035129,2,0.000592,0,0.987555
419,,,0.98119,327066,817,9813,2,0.983432,0.991576,10.143569,0.035305,0.035305,8,0.000833,0,0.992509
420,,,0.988216,311111,794,5747,2,0.957373,0.977738,5.997572,0.034436,0.034436,2,0.000559,0,0.968061
421,,,0.977711,326705,818,8593,2,0.984597,0.992178,14.009085,0.035286,0.035286,2,0.000756,0,0.991963
422,,,0.969768,329624,825,19151,2,0.992832,0.99639,48.040111,0.035444,0.035444,2,0.00144,0,0.996414
423,,,0.971696,331081,826,23533,2,0.994019,0.996992,19.941204,0.035523,0.035523,10,0.00172,0,0.998632
424,,,0.995351,236600,690,2478,2,0.854938,0.915162,2.090527,0.030062,0.030062,6,0.000343,0,0.845095
425,,,0.96838,331552,828,29498,2,0.996403,0.998195,27.564243,0.035549,0.035549,4,0.002103,0,0.999353
426,,,0.974837,330544,824,19622,2,0.991647,0.995788,15.587017,0.035494,0.035494,6,0.001473,0,0.997808
427,,,0.994578,241934,698,2105,2,0.862033,0.919976,2.370018,0.030393,0.030393,1,0.000318,0,0.85441
428,,,0.982052,326552,816,9708,2,0.98227,0.990975,9.614132,0.035277,0.035277,6,0.000826,0,0.991715
429,,,0.986323,321569,808,8503,2,0.973068,0.986161,7.250409,0.035006,0.035006,8,0.00075,0,0.984099
430,,,0.978935,327114,818,11464,2,0.984597,0.992178,12.097692,0.035308,0.035308,6,0.00094,0,0.992589
431,,,0.98882,316818,801,4969,2,0.965157,0.981949,5.243804,0.034747,0.034747,6,0.000512,0,0.976801
432,,,0.988107,315799,800,5399,2,0.964037,0.981348,6.178685,0.034691,0.034691,6,0.00054,0,0.975242
433,,,0.966816,331817,829,27470,2,0.997599,0.998797,35.346398,0.035563,0.035563,2,0.001979,0,0.999758
434,,,0.976105,329368,822,18124,2,0.989286,0.994585,14.602474,0.03543,0.03543,0,0.001365,0,0.996022
435,,,0.968266,331513,828,27102,2,0.996403,0.998195,27.850351,0.035546,0.035546,4,0.001951,0,0.999292
436,,,0.989096,309038,791,6592,2,0.954076,0.975933,5.548751,0.03432,0.03432,2,0.000613,0,0.964801
437,,,0.983171,322131,810,6538,2,0.975352,0.987365,9.113757,0.035037,0.035037,8,0.00062,0,0.984974
438,,,0.982002,323340,812,8627,2,0.977647,0.988568,10.29507,0.035103,0.035103,8,0.000759,0,0.986817
439,,,0.96857,330816,827,19977,2,0.99521,0.997593,49.827988,0.035509,0.035509,2,0.001498,0,0.998229
440,,,0.987979,151887,555,1344,2,0.750678,0.833935,7.923334,0.024098,0.024098,4,0.000272,0,0.677437
441,,,0.995171,286272,759,3974,2,0.920266,0.956679,2.5285,0.033038,0.033038,8,0.000444,0,0.928751
442,,,0.971655,331067,826,30731,2,0.994019,0.996992,20.040756,0.035522,0.035522,0,0.002184,0,0.998611
443,,,0.966878,330238,827,15139,2,0.99521,0.997593,55.689861,0.035477,0.035477,2,0.001186,0,0.997354
444,,,0.995135,287773,761,3943,2,0.922309,0.957882,2.130761,0.03312,0.03312,8,0.000442,0,0.931068
445,,,0.971123,330886,826,25747,2,0.994019,0.996992,20.796634,0.035512,0.035512,0,0.001864,0,0.998336
446,,,0.974837,330544,824,19973,2,0.991647,0.995788,15.587017,0.035494,0.035494,1,0.001492,0,0.997808
447,,,0.987214,313937,798,3908,2,0.961806,0.980144,6.807128,0.034588,0.034588,6,0.000444,0,0.972344
448,,,0.983067,325288,814,9285,2,0.979953,0.989771,8.972866,0.035209,0.035209,2,0.000797,0,0.989786
449,,,0.97643,328676,821,22177,2,0.988109,0.993983,14.972529,0.035393,0.035393,3,0.001632,0,0.994962
450,,,0.977962,328390,820,13135,2,0.986936,0.993381,13.159008,0.035377,0.035377,8,0.00105,0,0.99453
451,,,0.982012,324939,814,6815,2,0.979953,0.989771,10.087483,0.03519,0.03519,8,0.000636,0,0.98926
452,,,0.979447,327285,818,15973,2,0.984597,0.992178,16.147781,0.035317,0.035317,8,0.001228,0,0.992844
453,,,0.982203,326602,816,13459,2,0.98227,0.990975,9.216601,0.03528,0.03528,8,0.001066,0,0.991799
454,,,0.964007,331652,830,40519,2,0.998798,0.999398,59.074266,0.035554,0.035554,4,0.002815,0,0.999507
455,,,0.98529,321232,808,13002,2,0.973068,0.986161,7.930793,0.034988,0.034988,6,0.001031,0,0.983574
456,,,0.973658,330144,824,21592,2,0.991647,0.995788,17.435847,0.035472,0.035472,8,0.001602,0,0.997203
457,,,0.992245,279441,751,2512,2,0.912184,0.951865,3.252188,0.032646,0.032646,6,0.00035,0,0.917746
458,,,0.984035,305903,789,3478,2,0.95189,0.974729,8.406381,0.034142,0.034142,2,0.000413,0,0.959806
459,,,0.979477,326495,817,10741,2,0.983432,0.991576,11.921139,0.035275,0.035275,8,0.000891,0,0.991643
460,,,0.979588,322545,812,4665,2,0.977647,0.988568,38.620225,0.035059,0.035059,8,0.000503,0,0.985593
461,,,0.975459,329150,822,18684,2,0.989286,0.994585,16.782936,0.035418,0.035418,2,0.001404,0,0.995689
462,,,0.972613,330591,825,24165,2,0.992832,0.99639,19.386712,0.035497,0.035497,3,0.001762,0,0.99789
463,,,0.983769,323124,811,8960,2,0.976498,0.987966,8.573881,0.035091,0.035091,2,0.000771,0,0.98649
464,,,0.970259,331393,827,30638,2,0.99521,0.997593,21.595681,0.03554,0.03554,5,0.002184,0,0.999113
465,,,0.971343,330961,826,26742,2,0.994019,0.996992,20.65668,0.035517,0.035517,4,0.00192,0,0.99845
466,,,0.979114,323184,813,10493,2,0.978799,0.98917,38.845118,0.035095,0.035095,8,0.000885,0,0.986592
467,,,1,946,44,44,2,0.513597,0.526474,0,0.001858,0.001858,2,0.000186,0,0.052242
468,,,0.989398,317003,801,5593,2,0.965157,0.981949,4.924498,0.034758,0.034758,8,0.000556,0,0.977107
469,,,0.96838,331552,828,41169,2,0.996403,0.998195,27.564243,0.035549,0.035549,4,0.002844,0,0.999353
470,,,0.973121,329161,823,12547,2,0.990465,0.995187,44.219758,0.035419,0.035419,2,0.001023,0,0.995703
471,,,0.977566,329861,822,18775,2,0.989286,0.994585,12.709727,0.035457,0.035457,6,0.001411,0,0.996767
472,,,0.978935,323125,813,15062,2,0.978799,0.98917,12.870791,0.035092,0.035092,5,0.001163,0,0.986506
473,,,0.978816,325476,816,7891,2,0.98227,0.990975,13.184142,0.035219,0.035219,8,0.000711,0,0.990083
474,,,0.974554,330448,824,19014,2,0.991647,0.995788,16.261279,0.035489,0.035489,2,0.001432,0,0.997668
475,,,0.981572,312926,799,4755,2,0.96292,0.980746,38.909521,0.034534,0.034534,6,0.000505,0,0.970812
476,,,0.981207,326271,816,9169,2,0.98227,0.990975,9.986265,0.035262,0.035262,8,0.000794,0,0.991295
477,,,0.980548,327653,818,10834,2,0.984597,0.992178,10.203762,0.035337,0.035337,6,0.000901,0,0.993406
478,,,0.988824,304281,785,3740,2,0.947548,0.972323,6.029079,0.034052,0.034052,6,0.000431,0,0.957261
479,,,0.976101,330169,823,18007,2,0.990465,0.995187,14.373321,0.035474,0.035474,8,0.001367,0,0.997239
480,,,0.977412,329809,822,14247,2,0.989286,0.994585,13.076197,0.035454,0.035454,6,0.001127,0,0.99669
481,,,0.980251,325953,816,12355,2,0.98227,0.990975,11.479289,0.035245,0.035245,8,0.001,0,0.990805
482,,,0.974026,330269,824,18869,2,0.991647,0.995788,17.806764,0.035479,0.035479,5,0.001422,0,0.997397
483,,,0.975749,330050,823,18879,2,0.990465,0.995187,15.069056,0.035467,0.035467,6,0.001425,0,0.997062
484,,,0.976965,328055,820,14972,2,0.986936,0.993381,14.071635,0.035359,0.035359,6,0.001171,0,0.994023
485,,,0.97154,331028,826,33266,2,0.994019,0.996992,20.302052,0.03552,0.03552,4,0.002341,0,0.998556
486,,,0.981517,327175,817,11633,2,0.983432,0.991576,9.916669,0.035311,0.035311,2,0.000952,0,0.992666
487,,,0.976607,327135,819,14711,2,0.985765,0.99278,14.4491,0.035309,0.035309,8,0.001148,0,0.992618
488,,,0.979912,326640,817,9855,2,0.983432,0.991576,11.675422,0.035282,0.035282,2,0.000831,0,0.991858
489,,,0.98382,319166,806,5972,2,0.970794,0.984958,8.452908,0.034876,0.034876,6,0.00058,0,0.980432
490,,,0.973413,330061,824,13250,2,0.991647,0.995788,27.329672,0.035468,0.035468,2,0.00106,0,0.997073
491,,,0.983161,322924,811,6818,2,0.976498,0.987966,9.221956,0.03508,0.03508,6,0.000639,0,0.986186
492,,,0.986777,319331,805,8261,2,0.969662,0.984356,6.628936,0.034883,0.034883,6,0.00073,0,0.98064
493,,,0.981314,324708,814,12864,2,0.979953,0.989771,10.858842,0.035177,0.035177,8,0.001034,0,0.988909
494,,,0.990854,311156,793,5398,2,0.956272,0.977136,4.218177,0.034434,0.034434,6,0.000543,0,0.968007
495,,,0.975124,329037,822,14354,2,0.989286,0.994585,16.067293,0.035412,0.035412,8,0.001133,0,0.995516
496,,,0.989153,307494,789,4105,2,0.95189,0.974729,5.243697,0.034235,0.034235,6,0.000454,0,0.96243
497,,,0.974196,328724,822,20510,2,0.989286,0.994585,22.086029,0.035395,0.035395,8,0.001527,0,0.995045
498,,,0.966967,331869,829,39872,2,0.997599,0.998797,29.216735,0.035566,0.035566,4,0.002764,0,0.999837
499,,,0.985984,316699,802,11320,2,0.966279,0.982551,7.787669,0.034739,0.034739,6,0.000928,0,0.976579
500,,,0.978501,326969,818,13210,2,0.984597,0.992178,12.721361,0.0353,0.0353,8,0.001052,0,0.992366
501,,,0.979466,322505,812,4543,2,0.977647,0.988568,38.700526,0.035058,0.035058,2,0.000493,0,0.98555
502,,,0.968652,331645,828,20116,2,0.996403,0.998195,26.485514,0.035554,0.035554,8,0.001511,0,0.999494
503,,,0.966967,331869,829,35357,2,0.997599,0.998797,29.216735,0.035566,0.035566,4,0.002474,0,0.999837
504,,,0.987376,296904,776,3347,2,0.937923,0.966907,6.547538,0.033643,0.033643,6,0.000404,0,0.945787
505,,,0.981253,323890,813,11339,2,0.978799,0.98917,11.163402,0.035133,0.035133,8,0.000935,0,0.987652
506,,,0.980148,324322,814,9815,2,0.979953,0.989771,11.820613,0.035157,0.035157,8,0.000835,0,0.988334
507,,,0.983574,324656,813,7807,2,0.978799,0.98917,8.444261,0.035174,0.035174,6,0.000704,0,0.988829
508,,,0.976825,328809,821,16264,2,0.988109,0.993983,14.669608,0.0354,0.0354,8,0.001251,0,0.99516
509,,,0.969305,331067,827,21901,2,0.99521,0.997593,26.975934,0.035522,0.035522,8,0.001622,0,0.998614
510,,,0.986947,312280,796,4604,2,0.959584,0.978941,6.95399,0.034499,0.034499,2,0.000487,0,0.969838
511,,,0.979073,328763,820,15703,2,0.986936,0.993381,11.311467,0.035397,0.035397,6,0.001217,0,0.995096
512,,,0.996787,227417,676,1473,2,0.842799,0.906739,1.244732,0.029489,0.029489,8,0.000279,0,0.829009
513,,,0.981143,320673,809,12472,2,0.974209,0.986763,11.286295,0.034958,0.034958,8,0.000999,0,0.982744
514,,,0.976622,327940,820,14205,2,0.986936,0.993381,14.421967,0.035353,0.035353,8,0.001122,0,0.99385
515,,,0.988645,316762,801,7166,2,0.965157,0.981949,5.374103,0.034744,0.034744,8,0.000658,0,0.976719
516,,,0.968228,331500,828,22553,2,0.996403,0.998195,33.679115,0.035546,0.035546,6,0.001669,0,0.999273
517,,,0.96897,331754,828,31109,2,0.996403,0.998195,22.928373,0.03556,0.03556,3,0.002209,0,0.999661
518,,,0.978272,328494,820,14504,2,0.986936,0.993381,12.497287,0.035383,0.035383,2,0.001133,0,0.99469
519,,,0.988692,311261,794,5581,2,0.957373,0.977738,6.090997,0.03444,0.03444,6,0.000554,0,0.968174
520,,,0.983751,323118,811,5649,2,0.976498,0.987966,8.360535,0.035091,0.035091,8,0.000563,0,0.986479
521,,,0.986721,315356,800,7282,2,0.964037,0.981348,6.885091,0.034664,0.034664,6,0.000666,0,0.974491
522,,,0.981781,317714,805,13031,2,0.969662,0.984356,11.326168,0.034794,0.034794,6,0.001037,0,0.978138
523,,,0.990035,306209,787,7684,2,0.949714,0.973526,4.578003,0.034165,0.034165,2,0.000679,0,0.960457
524,,,0.979168,327993,819,16050,2,0.985765,0.99278,11.712073,0.035356,0.035356,6,0.001233,0,0.99392
525,,,0.981902,319335,807,10308,2,0.97193,0.98556,10.759626,0.034884,0.034884,6,0.000859,0,0.980671
526,,,0.987879,308658,791,9610,2,0.954076,0.975933,6.731611,0.034296,0.034296,6,0.000813,0,0.964142
527,,,0.971666,331071,826,28939,2,0.994019,0.996992,20.005831,0.035523,0.035523,5,0.002069,0,0.99862
528,,,0.985547,318933,805,11135,2,0.969662,0.984356,12.012432,0.034863,0.034863,8,0.000915,0,0.980074
529,,,0.986004,315127,800,7075,2,0.964037,0.981348,7.797892,0.034654,0.034654,6,0.000651,0,0.974195
530,,,0.973522,330900,825,26525,2,0.992832,0.99639,16.921624,0.035513,0.035513,1,0.00192,0,0.998353
531,,,0.980891,322974,812,12248,2,0.977647,0.988568,11.377743,0.035083,0.035083,8,0.00099,0,0.986263
532,,,0.973903,330227,824,22181,2,0.991647,0.995788,17.816812,0.035477,0.035477,10,0.001627,0,0.997331
533,,,0.975921,329306,822,25878,2,0.989286,0.994585,15.524889,0.035427,0.035427,3,0.001869,0,0.995924
534,,,0.985056,321156,808,9135,2,0.973068,0.986161,8.548422,0.034984,0.034984,8,0.00079,0,0.983472
535,,,0.971458,331000,826,25363,2,0.994019,0.996992,20.36992,0.035519,0.035519,2,0.001835,0,0.99851
536,,,0.979002,328739,820,16427,2,0.986936,0.993381,11.754786,0.035396,0.035396,2,0.001255,0,0.995057
537,,,0.970069,331328,827,30626,2,0.99521,0.997593,24.839966,0.035536,0.035536,4,0.002178,0,0.999009
538,,,0.975761,330054,823,24218,2,0.990465,0.995187,15.041027,0.035467,0.035467,6,0.001768,0,0.997066
539,,,0.969656,331187,827,28057,2,0.99521,0.997593,26.259834,0.035529,0.035529,4,0.002005,0,0.998796
540,,,0.995804,240153,695,1410,2,0.859359,0.918171,1.524084,0.030258,0.030258,8,0.000278,0,0.850619
541,,,0.965175,331254,829,23884,2,0.997599,0.998797,57.884045,0.035532,0.035532,0,0.001757,0,0.998898
542,,,0.97268,330614,825,16931,2,0.992832,0.99639,22.145253,0.035498,0.035498,6,0.001297,0,0.997921
543,,,0.981027,324613,814,11862,2,0.979953,0.989771,11.679557,0.035172,0.035172,2,0.000964,0,0.988769
544,,,0.973254,329206,823,14388,2,0.990465,0.995187,18.913327,0.035422,0.035422,2,0.001131,0,0.995778
545,,,0.990919,268753,737,2567,2,0.898378,0.943442,3.754557,0.032016,0.032016,6,0.000354,0,0.900045
546,,,0.985033,226068,678,2033,2,0.844512,0.907942,29.528464,0.029354,0.029354,2,0.000328,0,0.825222
547,,,0.980117,327509,818,8386,2,0.984597,0.992178,10.672928,0.035329,0.035329,6,0.000745,0,0.993185
548,,,0.978037,328415,820,11786,2,0.986936,0.993381,12.881349,0.035378,0.035378,8,0.000967,0,0.994561
549,,,0.973578,330117,824,28785,2,0.991647,0.995788,18.473133,0.035471,0.035471,4,0.002058,0,0.997161
550,,,0.974407,330398,824,16064,2,0.991647,0.995788,17.03947,0.035486,0.035486,2,0.001243,0,0.997591
551,,,0.970373,331432,827,35457,2,0.99521,0.997593,21.333548,0.035542,0.035542,4,0.002483,0,0.999168
552,,,0.978902,327103,818,12401,2,0.984597,0.992178,12.481765,0.035307,0.035307,2,0.001,0,0.992567
553,,,0.99151,299687,778,6587,2,0.940045,0.968111,3.730341,0.033802,0.033802,2,0.000607,0,0.95025
554,,,0.981692,319267,807,7891,2,0.97193,0.98556,9.929182,0.034881,0.034881,6,0.000703,0,0.980579
555,,,0.96897,331754,828,30782,2,0.996403,0.998195,22.928373,0.03556,0.03556,3,0.002187,0,0.999661
556,,,0.96838,331552,828,25595,2,0.996403,0.998195,27.564243,0.035549,0.035549,1,0.001859,0,0.999353
557,,,0.97154,331028,826,24879,2,0.994019,0.996992,20.302052,0.03552,0.03552,3,0.001808,0,0.998556
558,,,0.979069,325560,816,18846,2,0.98227,0.990975,12.997749,0.035223,0.035223,6,0.00142,0,0.9902
559,,,0.978753,327854,819,15256,2,0.985765,0.99278,12.798471,0.035348,0.035348,8,0.001185,0,0.993709
560,,,0.977876,328361,820,12106,2,0.986936,0.993381,13.221308,0.035376,0.035376,8,0.000987,0,0.994485
561,,,0.986162,304236,786,6963,2,0.94863,0.972924,12.729287,0.03405,0.03405,8,0.000641,0,0.95723
562,,,0.974407,330398,824,19200,2,0.991647,0.995788,17.03947,0.035486,0.035486,6,0.001448,0,0.997591
563,,,0.969331,331076,827,30161,2,0.99521,0.997593,26.919388,0.035523,0.035523,4,0.002141,0,0.998626
564,,,0.968266,331513,828,34989,2,0.996403,0.998195,27.850351,0.035546,0.035546,4,0.00245,0,0.999292
565,,,0.97678,329596,822,25311,2,0.989286,0.994585,14.859998,0.035443,0.035443,10,0.00183,0,0.996367
566,,,0.984902,254932,720,2465,2,0.882166,0.933213,31.122104,0.031167,0.031167,2,0.000353,0,0.876169
567,,,0.981331,323119,812,8423,2,0.977647,0.988568,10.851941,0.035091,0.035091,2,0.000737,0,0.98649
568,,,0.978683,327030,818,16271,2,0.984597,0.992178,12.541516,0.035304,0.035304,8,0.001252,0,0.992462
569,,,0.978034,327613,819,19170,2,0.985765,0.99278,14.665046,0.035335,0.035335,2,0.001433,0,0.993347
570,,,0.971681,331076,826,31079,2,0.994019,0.996992,19.985815,0.035523,0.035523,4,0.002202,0,0.998623
571,,,0.980088,325899,816,14097,2,0.98227,0.990975,11.666161,0.035242,0.035242,6,0.001113,0,0.99073
572,,,0.966967,331869,829,32811,2,0.997599,0.998797,29.216735,0.035566,0.035566,4,0.002313,0,0.999837
573,,,0.97574,329245,822,20570,2,0.989286,0.994585,15.276534,0.035424,0.035424,1,0.001528,0,0.995835
574,,,0.981602,322412,811,11623,2,0.976498,0.987966,10.920927,0.035053,0.035053,2,0.000943,0,0.985411
575,,,0.962623,331975,831,45236,1,1,1,60.733919,0.035571,0.035571,4,0.003113,0,1
576,,,0.96965,331185,827,30967,2,0.99521,0.997593,26.281997,0.035529,0.035529,4,0.002195,0,0.998796
577,,,0.989518,311521,794,6523,2,0.957373,0.977738,4.986634,0.034454,0.034454,6,0.000614,0,0.968579
578,,,0.968029,331432,828,34491,2,0.996403,0.998195,28.281328,0.035542,0.035542,4,0.002418,0,0.999171
579,,,0.983181,323728,812,8657,2,0.977647,0.988568,8.975797,0.035124,0.035124,6,0.000758,0,0.987415
580,,,0.983664,312024,797,7389,2,0.960694,0.979543,10.160525,0.034484,0.034484,8,0.00067,0,0.969414
581,,,0.989633,308424,790,4649,2,0.952982,0.975331,4.797699,0.034287,0.034287,6,0.000488,0,0.963883
582,,,0.985517,321306,808,5033,2,0.973068,0.986161,7.059335,0.034993,0.034993,6,0.00052,0,0.983714
583,,,0.99692,280010,750,1900,2,0.911184,0.951264,1.20951,0.03268,0.03268,8,0.00031,0,0.918702
584,,,0.981348,326318,816,7965,2,0.98227,0.990975,10.478879,0.035265,0.035265,8,0.000715,0,0.991363
585,,,0.981341,323919,813,14139,2,0.978799,0.98917,10.946929,0.035134,0.035134,6,0.001114,0,0.98769
586,,,0.978524,329381,821,20547,2,0.988109,0.993983,12.10979,0.035431,0.035431,2,0.001525,0,0.996037
587,,,0.981123,323847,813,9422,2,0.978799,0.98917,11.076395,0.03513,0.03513,8,0.000808,0,0.987584
588,,,0.986833,302122,783,4204,2,0.945392,0.971119,6.872898,0.033936,0.033936,6,0.000463,0,0.954023
589,,,0.978759,322272,812,11212,2,0.977647,0.988568,12.905511,0.035046,0.035046,6,0.000919,0,0.985208
590,,,0.97066,331530,827,34605,2,0.99521,0.997593,20.209056,0.035547,0.035547,4,0.00243,0,0.999318
591,,,0.97308,330750,825,16834,2,0.992832,0.99639,18.411536,0.035505,0.035505,8,0.001294,0,0.998126
592,,,0.976339,329447,822,20753,2,0.989286,0.994585,14.671504,0.035435,0.035435,3,0.001541,0,0.996142
593,,,0.973732,330169,824,14274,2,0.991647,0.995788,18.133854,0.035474,0.035474,2,0.001127,0,0.997243
594,,,0.97428,329553,823,17151,2,0.990465,0.995187,17.963671,0.03544,0.03544,1,0.001307,0,0.996304
595,,,0.978269,328493,820,16164,2,0.986936,0.993381,12.689969,0.035382,0.035382,2,0.001242,0,0.994679
596,,,0.991681,285268,759,2116,2,0.920266,0.956679,3.587816,0.032976,0.032976,2,0.000324,0,0.927028
597,,,0.96897,331754,828,33336,2,0.996403,0.998195,22.928373,0.03556,0.03556,4,0.002344,0,0.999661
598,,,0.983666,319909,807,6825,2,0.97193,0.98556,9.362033,0.034916,0.034916,8,0.000637,0,0.981564
599,,,0.97988,320260,809,7742,2,0.974209,0.986763,12.722776,0.034936,0.034936,6,0.000692,0,0.982115
600,,,0.972216,329655,824,18842,2,0.991647,0.995788,20.228488,0.035446,0.035446,3,0.001411,0,0.996466
601,,,0.977674,329095,821,13485,2,0.988109,0.993983,13.074225,0.035415,0.035415,2,0.001071,0,0.9956
602,,,0.976244,329415,822,17728,2,0.989286,0.994585,14.871275,0.035433,0.035433,8,0.001349,0,0.996093
603,,,0.980503,326837,817,9375,2,0.983432,0.991576,10.852373,0.035293,0.035293,6,0.000804,0,0.992161
604,,,0.976354,329452,822,15598,2,0.989286,0.994585,14.647285,0.035435,0.035435,6,0.001209,0,0.99615
605,,,0.975367,324329,816,7453,2,0.98227,0.990975,17.691998,0.035157,0.035157,2,0.000677,0,0.988341
606,,,0.967498,331250,828,23748,2,0.996403,0.998195,38.681827,0.035532,0.035532,6,0.001747,0,0.998892
607,,,0.978625,329415,821,17315,2,0.988109,0.993983,11.867254,0.035433,0.035433,6,0.001322,0,0.996089
608,,,0.982911,253710,719,2006,2,0.88123,0.932611,32.802243,0.031095,0.031095,2,0.000324,0,0.874148
609,,,0.978553,327787,819,11817,2,0.985765,0.99278,12.563653,0.035344,0.035344,8,0.000971,0,0.993606
610,,,0.974823,330539,824,20852,2,0.991647,0.995788,15.605956,0.035494,0.035494,6,0.001551,0,0.997805
611,,,0.979473,327294,818,24233,2,0.984597,0.992178,11.829099,0.035318,0.035318,10,0.001755,0,0.992855
612,,,0.988466,301849,782,3508,2,0.944318,0.970517,5.715557,0.033921,0.033921,6,0.000415,0,0.953584
613,,,0.968029,331432,828,37197,2,0.996403,0.998195,28.281328,0.035542,0.035542,4,0.002586,0,0.999171
614,,,0.973628,330134,824,28456,2,0.991647,0.995788,17.512378,0.035472,0.035472,1,0.002039,0,0.99719
615,,,0.96897,331754,828,32721,2,0.996403,0.998195,22.928373,0.03556,0.03556,4,0.00231,0,0.999661
616,,,0.970081,331332,827,29706,2,0.99521,0.997593,24.814248,0.035537,0.035537,1,0.002122,0,0.999014
617,,,0.993677,294193,770,5654,2,0.931614,0.963297,3.266814,0.033489,0.033489,8,0.000554,0,0.941456
618,,,0.969305,331067,827,28681,2,0.99521,0.997593,26.975934,0.035522,0.035522,4,0.002036,0,0.998614
619,,,0.99734,182224,605,907,2,0.786187,0.864019,1.088374,0.026361,0.026361,2,0.000244,0,0.741054
620,,,0.977822,326742,818,11866,2,0.984597,0.992178,13.458189,0.035288,0.035288,8,0.000969,0,0.992025
621,,,0.980117,327509,818,9334,2,0.984597,0.992178,10.672928,0.035329,0.035329,6,0.000803,0,0.993185
622,,,0.972083,331213,826,18590,2,0.994019,0.996992,18.576495,0.03553,0.03553,2,0.001402,0,0.998833
623,,,0.978259,326089,817,9837,2,0.983432,0.991576,12.986242,0.035253,0.035253,8,0.000835,0,0.991028
624,,,0.975699,330033,823,18861,2,0.990465,0.995187,15.761199,0.035466,0.035466,2,0.001415,0,0.997034
625,,,0.985523,316551,802,3404,2,0.966279,0.982551,8.192109,0.034733,0.034733,6,0.000413,0,0.976418
626,,,0.995326,263391,728,2558,2,0.889722,0.938026,1.839364,0.031715,0.031715,6,0.00035,0,0.891576
627,,,0.978674,328629,820,17078,2,0.986936,0.993381,12.618175,0.03539,0.03539,2,0.001303,0,0.994887
628,,,0.990273,310189,792,5967,2,0.955172,0.976534,4.65111,0.034382,0.034382,8,0.000579,0,0.966553
629,,,0.969524,330341,826,19107,2,0.994019,0.996992,27.183368,0.035483,0.035483,2,0.001438,0,0.997509
630,,,0.988209,282772,757,2478,2,0.918232,0.955475,6.862602,0.032835,0.032835,2,0.000352,0,0.923064
631,,,0.981556,327990,818,15879,2,0.984597,0.992178,9.469255,0.035355,0.035355,6,0.001226,0,0.993909
632,,,0.97154,331028,826,24587,2,0.994019,0.996992,20.302052,0.03552,0.03552,8,0.001795,0,0.998556
633,,,0.973425,330065,824,14177,2,0.991647,0.995788,18.342712,0.035468,0.035468,8,0.001116,0,0.997089
634,,,0.982054,321765,810,10729,2,0.975352,0.987365,10.712004,0.035018,0.035018,8,0.000888,0,0.984417
635,,,0.973596,330123,824,14624,2,0.991647,0.995788,17.130433,0.035471,0.035471,2,0.001136,0,0.997171
636,,,0.995804,240153,695,1410,2,0.859359,0.918171,1.524084,0.030258,0.030258,8,0.000278,0,0.850619
637,,,0.981517,326374,816,12441,2,0.98227,0.990975,10.342864,0.035267,0.035267,8,0.001007,0,0.991442
638,,,0.97415,330311,824,20329,2,0.991647,0.995788,16.694823,0.035481,0.035481,8,0.001517,0,0.99746
639,,,0.976257,330222,823,23360,2,0.990465,0.995187,14.015014,0.035476,0.035476,2,0.001707,0,0.997315
640,,,0.993706,303449,782,4640,2,0.944318,0.970517,2.722019,0.034008,0.034008,6,0.000489,0,0.956025
641,,,0.968266,331513,828,33493,2,0.996403,0.998195,27.850351,0.035546,0.035546,4,0.002357,0,0.999292
642,,,0.978362,327723,819,16335,2,0.985765,0.99278,13.026147,0.035341,0.035341,2,0.001251,0,0.993513
643,,,0.990711,304085,784,5768,2,0.946469,0.971721,4.960041,0.034043,0.034043,8,0.000566,0,0.957019
644,,,0.984069,320040,807,7449,2,0.97193,0.98556,9.101169,0.034923,0.034923,8,0.00068,0,0.981763
645,,,0.979936,326648,817,10507,2,0.983432,0.991576,11.656491,0.035283,0.035283,2,0.000875,0,0.991873
646,,,0.976082,328559,821,12443,2,0.988109,0.993983,16.180441,0.035386,0.035386,2,0.000998,0,0.99479
647,,,0.999202,166620,578,1118,2,0.766605,0.847774,0.217776,0.025268,0.025268,6,0.000253,0,0.710341
648,,,0.976323,328640,821,20093,2,0.988109,0.993983,15.092944,0.035391,0.035391,8,0.001499,0,0.994914
649,,,0.971026,330853,826,13705,2,0.994019,0.996992,21.034055,0.035511,0.035511,8,0.001097,0,0.998286
650,,,0.96838,331552,828,36797,2,0.996403,0.998195,27.564243,0.035549,0.035549,4,0.002568,0,0.999353
651,,,0.97678,329596,822,18478,2,0.989286,0.994585,14.859998,0.035443,0.035443,2,0.001394,0,0.996367
652,,,0.997931,149022,547,1085,2,0.745291,0.829122,0.545364,0.023886,0.023886,6,0.000252,0,0.671498
653,,,0.976022,329340,822,25267,2,0.989286,0.994585,15.282916,0.035429,0.035429,3,0.001833,0,0.995975
654,,,0.978347,328519,820,18187,2,0.986936,0.993381,12.997147,0.035384,0.035384,8,0.001381,0,0.994723
655,,,0.981879,324895,814,9379,2,0.979953,0.989771,10.595774,0.035187,0.035187,2,0.000803,0,0.989193
656,,,0.981437,322358,811,7266,2,0.976498,0.987966,10.230822,0.035049,0.035049,6,0.000665,0,0.985316
657,,,0.978802,328672,820,20254,2,0.986936,0.993381,12.32433,0.035392,0.035392,2,0.001508,0,0.99495
658,,,0.972848,330671,825,15011,2,0.992832,0.99639,18.016531,0.035501,0.035501,8,0.001174,0,0.998006
659,,,0.970037,331317,827,33568,2,0.99521,0.997593,22.004731,0.035536,0.035536,4,0.002364,0,0.998995
660,,,0.977945,328384,820,11786,2,0.986936,0.993381,12.941087,0.035377,0.035377,2,0.000959,0,0.994516
661,,,0.979458,328090,819,10340,2,0.985765,0.99278,11.089108,0.035361,0.035361,6,0.000872,0,0.994072
662,,,0.989494,309945,792,6230,2,0.955172,0.976534,5.105088,0.034368,0.034368,6,0.000595,0,0.966151
663,,,0.985984,316699,802,11658,2,0.966279,0.982551,7.787669,0.034739,0.034739,6,0.00095,0,0.976579
664,,,0.97298,330716,825,19675,2,0.992832,0.99639,18.653966,0.035503,0.035503,6,0.001473,0,0.998075
665,,,0.97926,318476,807,11044,2,0.97193,0.98556,15.002797,0.034838,0.034838,8,0.000911,0,0.979371
666,,,0.980121,328312,819,17732,2,0.985765,0.99278,11.018687,0.035373,0.035373,6,0.001344,0,0.994402
667,,,0.977554,329857,822,17366,2,0.989286,0.994585,12.744164,0.035456,0.035456,8,0.001324,0,0.996758
668,,,0.995285,265557,731,1789,2,0.892589,0.939832,1.873218,0.031829,0.031829,6,0.0003,0,0.894775
669,,,0.978109,326039,817,12801,2,0.983432,0.991576,15.037852,0.03525,0.03525,8,0.001023,0,0.990948
670,,,0.971553,330231,825,25051,2,0.992832,0.99639,45.675918,0.035477,0.035477,6,0.001827,0,0.997337
671,,,0.974109,330297,824,17959,2,0.991647,0.995788,16.806595,0.03548,0.03548,2,0.001365,0,0.997435
672,,,0.995921,282723,754,3695,2,0.915198,0.95367,2.370815,0.032836,0.032836,8,0.000426,0,0.923082
673,,,0.976257,330222,823,20739,2,0.990465,0.995187,14.015014,0.035476,0.035476,6,0.001548,0,0.997315
674,,,0.971696,331081,826,18770,2,0.994019,0.996992,19.941204,0.035523,0.035523,2,0.001418,0,0.998632
675,,,0.96482,331932,830,40544,2,0.998798,0.999398,41.690315,0.035569,0.035569,4,0.002807,0,0.999934
676,,,0.975708,329234,822,24049,2,0.989286,0.994585,15.628217,0.035423,0.035423,5,0.001753,0,0.995816
677,,,0.970373,331432,827,27901,2,0.99521,0.997593,21.333548,0.035542,0.035542,3,0.002006,0,0.999168
678,,,0.972095,331217,826,31240,2,0.994019,0.996992,18.54866,0.03553,0.03553,4,0.002216,0,0.998838
679,,,0.995726,284923,757,1747,2,0.918232,0.955475,1.805254,0.032965,0.032965,8,0.000299,0,0.926715
680,,,0.980771,323731,813,12253,2,0.978799,0.98917,12.720734,0.035124,0.035124,2,0.000978,0,0.987423
681,,,0.989896,310071,792,5504,2,0.955172,0.976534,4.882054,0.034375,0.034375,8,0.00055,0,0.966364
682,,,0.970037,331317,827,21159,2,0.99521,0.997593,22.004731,0.035536,0.035536,1,0.001567,0,0.998995
683,,,0.974055,329477,823,21064,2,0.990465,0.995187,21.021449,0.035436,0.035436,2,0.001557,0,0.996185
684,,,0.982534,324313,813,10414,2,0.978799,0.98917,9.473574,0.035156,0.035156,6,0.000874,0,0.988299
685,,,0.971606,330249,825,13892,2,0.992832,0.99639,24.491118,0.035478,0.035478,2,0.001097,0,0.997362
686,,,0.981358,327122,817,10632,2,0.983432,0.991576,9.669876,0.035308,0.035308,6,0.000886,0,0.992596
687,,,0.968266,331513,828,28966,2,0.996403,0.998195,27.850351,0.035546,0.035546,4,0.002069,0,0.999292
688,,,0.972868,330678,825,20839,2,0.992832,0.99639,18.78533,0.035501,0.035501,6,0.001555,0,0.998017
689,,,0.96897,331754,828,32945,2,0.996403,0.998195,22.928373,0.03556,0.03556,4,0.002324,0,0.999661
690,,,0.962623,331975,831,37496,1,1,1,60.733919,0.035571,0.035571,4,0.002631,0,1
691,,,0.970037,331317,827,29422,2,0.99521,0.997593,22.004731,0.035536,0.035536,1,0.002101,0,0.998995
692,,,0.992073,300629,779,4184,2,0.94111,0.968712,4.339018,0.033848,0.033848,6,0.000462,0,0.951536
693,,,0.970259,331393,827,27353,2,0.99521,0.997593,21.595681,0.03554,0.03554,5,0.001964,0,0.999113
694,,,0.974041,330274,824,20552,2,0.991647,0.995788,17.762357,0.035479,0.035479,6,0.00153,0,0.997406
695,,,0.973916,329430,823,13160,2,0.990465,0.995187,16.971145,0.035434,0.035434,6,0.001055,0,0.996123
696,,,0.987134,312339,796,6518,2,0.959584,0.978941,6.342495,0.034499,0.034499,6,0.00061,0,0.96985
697,,,0.999246,270276,736,1947,2,0.897408,0.94284,0.279338,0.032108,0.032108,8,0.000313,0,0.902626
698,,,0.985436,310236,794,4670,2,0.957373,0.977738,7.575086,0.034386,0.034386,2,0.00049,0,0.966667
699,,,0.973032,329131,823,16055,2,0.990465,0.995187,44.518584,0.035417,0.035417,2,0.001243,0,0.995656
700,,,0.977835,329149,821,21834,2,0.988109,0.993983,12.924657,0.035418,0.035418,6,0.001615,0,0.99568
701,,,0.98357,314349,800,8089,2,0.964037,0.981348,14.152401,0.03461,0.03461,8,0.00072,0,0.972952
702,,,0.968029,331432,828,28286,2,0.996403,0.998195,28.281328,0.035542,0.035542,4,0.002025,0,0.999171
703,,,0.991643,204678,643,1470,2,0.815505,0.886883,4.031204,0.02793,0.02793,2,0.000284,0,0.785177
704,,,0.968266,331513,828,36996,2,0.996403,0.998195,27.850351,0.035546,0.035546,4,0.002585,0,0.999292
705,,,0.978321,327709,819,9601,2,0.985765,0.99278,13.047436,0.03534,0.03534,8,0.00082,0,0.993494
706,,,0.974232,329537,823,13299,2,0.990465,0.995187,17.143425,0.035439,0.035439,8,0.001065,0,0.996282
707,,,0.974681,330491,824,27694,2,0.991647,0.995788,15.945445,0.035491,0.035491,1,0.001989,0,0.997733
708,,,0.98937,312260,795,5843,2,0.958478,0.978339,5.154775,0.034494,0.034494,6,0.00057,0,0.969704
709,,,0.989695,304549,785,7619,2,0.947548,0.972323,5.646091,0.034069,0.034069,6,0.00068,0,0.957736
710,,,0.995234,213816,656,1157,2,0.826044,0.894705,2.130748,0.028567,0.028567,2,0.000258,0,0.803076
711,,,0.991551,307458,788,5551,2,0.950801,0.974128,3.804908,0.034233,0.034233,6,0.000548,0,0.962367
712,,,0.975503,329165,822,16724,2,0.989286,0.994585,15.993957,0.035419,0.035419,2,0.001281,0,0.995705
713,,,0.976087,329362,822,19420,2,0.989286,0.994585,14.785878,0.03543,0.03543,8,0.001458,0,0.99601
714,,,0.988304,307230,789,3278,2,0.95189,0.974729,6.495947,0.034218,0.034218,6,0.000404,0,0.961943
715,,,0.985173,319605,806,5903,2,0.970794,0.984958,7.715216,0.0349,0.0349,6,0.000576,0,0.981105
716,,,0.981517,325574,815,7669,2,0.98111,0.990373,9.809661,0.035225,0.035225,6,0.000695,0,0.990237
717,,,0.96482,331932,830,31363,2,0.998798,0.999398,41.690315,0.035569,0.035569,4,0.002233,0,0.999934
718,,,0.978093,328434,820,11736,2,0.986936,0.993381,12.823472,0.035379,0.035379,2,0.000959,0,0.99459
719,,,0.97308,330750,825,23287,2,0.992832,0.99639,18.411536,0.035505,0.035505,8,0.001709,0,0.998126
720,,,0.979026,328747,820,19814,2,0.986936,0.993381,11.913965,0.035396,0.035396,6,0.001489,0,0.995068
721,,,0.975316,329102,822,12625,2,0.989286,0.994585,15.71358,0.035416,0.035416,8,0.001019,0,0.995612
722,,,0.967921,331395,828,21692,2,0.996403,0.998195,37.229551,0.03554,0.03554,9,0.001609,0,0.99911
723,,,0.970259,331393,827,22302,2,0.99521,0.997593,21.595681,0.03554,0.03554,5,0.001641,0,0.999113
724,,,0.970247,331389,827,36591,2,0.99521,0.997593,21.630679,0.03554,0.03554,4,0.002557,0,0.999104
725,,,0.966967,331869,829,28643,2,0.997599,0.998797,29.216735,0.035566,0.035566,4,0.002048,0,0.999837
726,,,0.993696,273178,742,3726,2,0.903261,0.94645,2.783371,0.032279,0.032279,8,0.000427,0,0.907441
727,,,0.969682,331196,827,24463,2,0.99521,0.997593,26.20269,0.035529,0.035529,1,0.001789,0,0.998808
728,,,0.970373,331432,827,28507,2,0.99521,0.997593,21.333548,0.035542,0.035542,4,0.00204,0,0.999168
729,,,0.986352,314450,799,9831,2,0.96292,0.980746,7.447722,0.034616,0.034616,6,0.000827,0,0.973126
730,,,0.991191,293457,770,3589,2,0.931614,0.963297,4.520245,0.033446,0.033446,6,0.000418,0,0.940225
731,,,0.971361,330967,826,25157,2,0.994019,0.996992,23.516276,0.035517,0.035517,7,0.001832,0,0.998457
732,,,0.966967,331869,829,28889,2,0.997599,0.998797,29.216735,0.035566,0.035566,4,0.002066,0,0.999837
733,,,0.98319,323731,812,13479,2,0.977647,0.988568,9.094138,0.035124,0.035124,6,0.001068,0,0.98741
734,,,0.981321,325509,815,5985,2,0.98111,0.990373,9.895489,0.035221,0.035221,6,0.000584,0,0.990137
735,,,0.975104,329832,823,14568,2,0.990465,0.995187,15.491215,0.035455,0.035455,6,0.001146,0,0.996727
736,,,0.977579,329063,821,17784,2,0.988109,0.993983,13.197611,0.035414,0.035414,6,0.001348,0,0.995555
737,,,0.983428,324608,813,7492,2,0.978799,0.98917,8.769154,0.035172,0.035172,6,0.000678,0,0.988752
738,,,0.975749,330050,823,17713,2,0.990465,0.995187,15.069056,0.035467,0.035467,6,0.001351,0,0.997062
739,,,0.985684,320565,807,10065,2,0.97193,0.98556,7.320858,0.034952,0.034952,2,0.000844,0,0.982562
740,,,0.992218,298360,776,3478,2,0.937923,0.966907,3.815015,0.033723,0.033723,8,0.000413,0,0.948026
741,,,0.998607,276011,744,2671,2,0.905229,0.947653,0.526874,0.032445,0.032445,8,0.000359,0,0.912093
742,,,0.972228,328859,823,15951,2,0.990465,0.995187,24.021173,0.035403,0.035403,2,0.00123,0,0.995253
743,,,0.978263,301031,785,4908,2,0.947548,0.972323,25.186322,0.033868,0.033868,2,0.000514,0,0.952098
744,,,0.984929,296168,776,3760,2,0.937923,0.966907,8.649368,0.033594,0.033594,2,0.000439,0,0.944388
745,,,0.992843,242899,700,1280,2,0.863825,0.921179,7.437454,0.030456,0.030456,6,0.000269,0,0.856194
746,,,0.992727,305482,785,7555,2,0.947548,0.972323,3.264869,0.03412,0.03412,6,0.00068,0,0.959192
747,,,0.979419,328879,820,10425,2,0.986936,0.993381,11.29708,0.035404,0.035404,2,0.000872,0,0.995271
748,,,0.970694,329939,825,24440,2,0.992832,0.99639,25.448073,0.035461,0.035461,1,0.001776,0,0.996898
749,,,0.981245,325484,815,9244,2,0.98111,0.990373,9.933887,0.03522,0.03522,8,0.000797,0,0.990099
750,,,0.981944,326516,816,11268,2,0.98227,0.990975,9.858116,0.035275,0.035275,8,0.000925,0,0.991661
751,,,0.972006,328784,823,13090,2,0.990465,0.995187,24.415105,0.035399,0.035399,8,0.00105,0,0.995138
752,,,0.974871,329753,823,11341,2,0.990465,0.995187,16.782109,0.035451,0.035451,6,0.000939,0,0.99661
753,,,0.97298,330716,825,21120,2,0.992832,0.99639,18.653966,0.035503,0.035503,6,0.001566,0,0.998075
754,,,0.976894,319284,809,12624,2,0.974209,0.986763,14.676795,0.034883,0.034883,6,0.001008,0,0.980633
755,,,0.981345,319154,807,7926,2,0.97193,0.98556,11.801417,0.034875,0.034875,8,0.000709,0,0.980415
756,,,0.985047,318771,805,6617,2,0.969662,0.984356,7.901836,0.034854,0.034854,8,0.00062,0,0.979831
757,,,0.989107,317702,802,5792,2,0.966279,0.982551,5.093952,0.034795,0.034795,8,0.000567,0,0.97816
758,,,0.981266,320713,809,11274,2,0.974209,0.986763,15.99133,0.034959,0.034959,8,0.000929,0,0.982782
759,,,0.98137,320747,809,8804,2,0.974209,0.986763,10.858634,0.034962,0.034962,8,0.000764,0,0.982857
760,,,0.970081,331332,827,29894,2,0.99521,0.997593,24.814248,0.035537,0.035537,1,0.00213,0,0.999014
761,,,0.975503,327564,820,10673,2,0.986936,0.993381,16.116018,0.035333,0.035333,4,0.000881,0,0.993277
762,,,0.966,331537,829,32335,2,0.997599,0.998797,52.642544,0.035548,0.035548,4,0.002289,0,0.999331
763,,,0.978479,325364,816,9464,2,0.98227,0.990975,16.811497,0.035213,0.035213,6,0.00081,0,0.989919
764,,,0.96897,331754,828,26743,2,0.996403,0.998195,22.928373,0.03556,0.03556,5,0.001936,0,0.999661
765,,,0.979892,327434,818,14878,2,0.984597,0.992178,11.638923,0.035325,0.035325,2,0.001157,0,0.993068
766,,,0.969179,331024,827,27190,2,0.99521,0.997593,33.006011,0.03552,0.03552,1,0.001962,0,0.998547
767,,,0.969985,330498,826,26987,2,0.994019,0.996992,32.418649,0.035492,0.035492,3,0.00195,0,0.997748
768,,,0.976183,328593,821,15536,2,0.988109,0.993983,15.000862,0.035388,0.035388,6,0.001206,0,0.99484
769,,,0.995703,229192,679,2442,2,0.845371,0.908544,1.567467,0.029579,0.029579,6,0.00034,0,0.831518
770,,,0.975749,330050,823,19894,2,0.990465,0.995187,15.069056,0.035467,0.035467,6,0.001493,0,0.997062
771,,,0.984042,320031,807,6914,2,0.97193,0.98556,9.427122,0.034922,0.034922,8,0.000645,0,0.981743
772,,,0.98586,319034,805,5019,2,0.969662,0.984356,6.942022,0.034869,0.034869,2,0.000516,0,0.980226
773,,,0.964611,331860,830,26785,2,0.998798,0.999398,54.290001,0.035565,0.035565,1,0.001943,0,0.999824
774,,,0.978001,328403,820,14160,2,0.986936,0.993381,12.715751,0.035378,0.035378,6,0.001121,0,0.994552
775,,,0.979894,326634,817,13510,2,0.983432,0.991576,11.61303,0.035282,0.035282,2,0.001071,0,0.991853
776,,,0.976374,329459,822,15229,2,0.989286,0.994585,14.200921,0.035435,0.035435,6,0.001187,0,0.996161
777,,,0.982456,324287,813,9644,2,0.978799,0.98917,9.976016,0.035154,0.035154,8,0.000821,0,0.988258
778,,,0.981556,327990,818,8734,2,0.984597,0.992178,9.469255,0.035355,0.035355,8,0.000767,0,0.993909
779,,,0.976706,328769,821,11718,2,0.988109,0.993983,14.466488,0.035398,0.035398,6,0.000957,0,0.995111
780,,,0.976938,328847,821,18905,2,0.988109,0.993983,14.383591,0.035402,0.035402,1,0.001418,0,0.995222
781,,,0.96985,329652,825,33535,2,0.992832,0.99639,22.319607,0.035446,0.035446,4,0.002346,0,0.996469
782,,,0.973395,330857,825,16763,2,0.992832,0.99639,17.236239,0.035511,0.035511,2,0.001281,0,0.998288
783,,,0.97969,326566,817,19165,2,0.983432,0.991576,11.893816,0.035278,0.035278,6,0.001441,0,0.99174
784,,,0.976142,328579,821,14686,2,0.988109,0.993983,15.024381,0.035387,0.035387,8,0.001153,0,0.99482
785,,,0.980155,321143,810,11092,2,0.975352,0.987365,38.028093,0.034983,0.034983,6,0.00092,0,0.983436
786,,,0.97614,329380,822,13899,2,0.989286,0.994585,14.806024,0.035431,0.035431,6,0.001102,0,0.99604
787,,,0.99399,297353,774,4628,2,0.935811,0.965704,2.526037,0.033672,0.033672,6,0.000486,0,0.946596
788,,,0.969445,331115,827,36278,2,0.99521,0.997593,26.63353,0.035525,0.035525,4,0.002531,0,0.998687
789,,,0.973946,329440,823,21585,2,0.990465,0.995187,17.948653,0.035434,0.035434,2,0.001589,0,0.996139
790,,,0.98325,326149,815,9245,2,0.98111,0.990373,8.395325,0.035255,0.035255,2,0.000797,0,0.9911
791,,,0.986394,318414,804,6311,2,0.968531,0.983755,7.087373,0.034834,0.034834,8,0.000603,0,0.979251
792,,,0.967264,331170,828,38268,2,0.996403,0.998195,29.008154,0.035528,0.035528,4,0.002649,0,0.998777
793,,,0.989492,247648,708,2298,2,0.871069,0.925993,28.307508,0.030753,0.030753,2,0.000337,0,0.864541
794,,,0.979571,325727,816,7023,2,0.98227,0.990975,12.174375,0.035233,0.035233,8,0.000651,0,0.990475
795,,,0.991356,308961,790,9051,2,0.952982,0.975331,3.984935,0.034312,0.034312,6,0.000774,0,0.964582
796,,,0.988145,304072,785,5292,2,0.947548,0.972323,6.578555,0.034041,0.034041,8,0.000533,0,0.956974
797,,,0.986126,315166,800,8336,2,0.964037,0.981348,8.407388,0.034656,0.034656,8,0.000736,0,0.974253
798,,,0.98304,325279,814,12006,2,0.979953,0.989771,8.968094,0.035208,0.035208,2,0.000967,0,0.989779
799,,,0.988943,255267,719,1801,2,0.88123,0.932611,9.155601,0.031191,0.031191,8,0.000304,0,0.876845
800,,,0.995473,202283,638,1792,2,0.811523,0.883875,1.866612,0.027818,0.027818,1,0.000297,0,0.782033
801,,,0.973507,330895,825,22546,2,0.992832,0.99639,16.966659,0.035513,0.035513,2,0.001664,0,0.998344
802,,,0.977054,328886,821,12626,2,0.988109,0.993983,15.070204,0.035404,0.035404,6,0.001021,0,0.995285
803,,,0.971669,331072,826,35201,2,0.994019,0.996992,19.996224,0.035523,0.035523,4,0.002466,0,0.99862
804,,,0.976206,326202,818,17147,2,0.984597,0.992178,41.20758,0.035259,0.035259,1,0.001308,0,0.991195
805,,,0.978838,328684,820,12277,2,0.986936,0.993381,11.903857,0.035393,0.035393,8,0.001,0,0.994972
806,,,0.993222,281209,753,3037,2,0.914191,0.953069,2.784863,0.03275,0.03275,8,0.000383,0,0.920671
807,,,0.971989,330379,825,28367,2,0.992832,0.99639,19.756437,0.035485,0.035485,4,0.002023,0,0.997569
808,,,0.976107,327767,820,15036,2,0.986936,0.993381,16.195184,0.035344,0.035344,6,0.00117,0,0.993585
809,,,0.96897,331754,828,29314,2,0.996403,0.998195,22.928373,0.03556,0.03556,4,0.002086,0,0.999661
810,,,0.973372,330047,824,19581,2,0.991647,0.995788,17.900807,0.035467,0.035467,8,0.001469,0,0.997058
811,,,0.984511,317806,804,11596,2,0.968531,0.983755,8.842003,0.034799,0.034799,6,0.000947,0,0.978271
812,,,0.977975,329196,821,10085,2,0.988109,0.993983,12.893451,0.035421,0.035421,6,0.00085,0,0.995753
813,,,0.986406,320800,807,8239,2,0.97193,0.98556,7.045901,0.034964,0.034964,2,0.000727,0,0.982924
814,,,0.985128,294702,774,2851,2,0.935811,0.965704,9.523523,0.033516,0.033516,6,0.000372,0,0.942218
815,,,0.998234,50314,318,408,2,0.618304,0.691336,0.132109,0.013901,0.013901,4,0.000207,0,0.390781
816,,,0.99622,251451,711,1959,2,0.873817,0.927798,1.353309,0.030985,0.030985,8,0.00031,0,0.871061
817,,,0.988083,279754,753,3088,2,0.914191,0.953069,5.784564,0.032647,0.032647,2,0.000389,0,0.917785
818,,,0.983081,320512,808,9410,2,0.973068,0.986161,10.640876,0.034949,0.034949,8,0.000808,0,0.982481
819,,,0.979497,320135,809,7159,2,0.974209,0.986763,12.294572,0.034928,0.034928,2,0.000656,0,0.981915
820,,,0.988447,268811,738,3438,2,0.899351,0.944043,5.717415,0.03202,0.03202,4,0.000405,0,0.90014
821,,,0.965889,331499,829,32638,2,0.997599,0.998797,52.902237,0.035546,0.035546,4,0.002303,0,0.999276
822,,,0.977772,328326,820,18038,2,0.986936,0.993381,13.282567,0.035374,0.035374,6,0.001368,0,0.994431
823,,,0.977566,329861,822,16985,2,0.989286,0.994585,12.709727,0.035457,0.035457,2,0.001297,0,0.996767
824,,,0.992131,307638,788,6641,2,0.950801,0.974128,3.557745,0.034239,0.034239,6,0.00062,0,0.962533
825,,,0.975699,329231,822,15702,2,0.989286,0.994585,15.662829,0.035423,0.035423,8,0.001224,0,0.99581
826,,,0.970274,331398,827,25638,2,0.99521,0.997593,21.575878,0.03554,0.03554,4,0.001856,0,0.999116
827,,,0.975,2028,65,72,2,0.520351,0.53911,0.596863,0.002748,0.002748,2,0.000189,0,0.077247
828,,,0.970388,331437,827,24413,2,0.99521,0.997593,21.288868,0.035542,0.035542,1,0.001781,0,0.999177
829,,,0.981078,324630,814,11894,2,0.979953,0.989771,10.93385,0.035173,0.035173,6,0.000966,0,0.988793
830,,,0.979002,328739,820,15237,2,0.986936,0.993381,11.756439,0.035396,0.035396,8,0.001189,0,0.995055
831,,,0.976834,328812,821,13023,2,0.988109,0.993983,13.696511,0.0354,0.0354,6,0.001046,0,0.995172